age,income,spending_score,purchase_frequency,last_purchase_days,loyalty_years,amount,items,segment_encoded,city_Chicago,city_Houston,city_Los Angeles,city_Miami,city_New York,som_x,som_y,cluster
0.43548387096774194,0.2666610570128056,0.6513977233290704,0.0017776071854268664,1.0,0.2404297245757245,0.0,0.4444444444444444,1,0,1,0,0,0,9,10,Cluster_C
0.3225806451612903,0.31710579022931523,0.31556693516447487,0.31797946665349774,0.002694916015804584,0.06716730089383674,,,1,0,0,1,0,0,3,7,Cluster_B
0.46774193548387094,0.5624621215711019,0.673921184021132,0.33474282007149453,0.627910018865178,0.32790098907936416,0.06194100089912496,0.2777777777777778,0,0,1,0,0,0,11,10,Cluster_C
0.46774193548387094,0.5624621215711019,0.673921184021132,0.33474282007149453,0.627910018865178,0.32790098907936416,0.6984597826568469,0.0,0,0,1,0,0,0,11,10,Cluster_C
0.46774193548387094,0.5624621215711019,0.673921184021132,0.33474282007149453,0.627910018865178,0.32790098907936416,0.32639275324261285,0.9444444444444444,0,0,1,0,0,0,11,10,Cluster_C
0.6451612903225806,0.5367675443021671,0.7711275717609902,0.11204040799508902,0.08196743281361966,0.061067760972713235,0.1161002301992458,0.3888888888888889,2,0,1,0,0,0,10,3,Cluster_A
0.6451612903225806,0.5367675443021671,0.7711275717609902,0.11204040799508902,0.08196743281361966,0.061067760972713235,0.1819779360836073,0.6111111111111112,2,0,1,0,0,0,10,3,Cluster_A
0.3064516129032258,0.4183051725418558,0.5826869806447401,0.0,0.33732404374565694,0.38232042390744897,0.056288250165340885,0.2222222222222222,2,0,0,1,0,0,6,11,Cluster_C
0.3064516129032258,0.4442447614051691,0.8753591625116133,0.03551600194038381,0.2500050374750211,0.021875273247933185,0.11258733831873648,0.6111111111111112,0,1,0,0,0,0,3,0,Cluster_A
0.6451612903225806,0.6619898291196797,0.3452421601792854,0.1640405850407735,0.13470197306031606,0.22544480803715064,0.5021631877075062,0.8888888888888888,1,0,0,0,0,1,9,6,Cluster_B
0.5,0.3112151820946664,0.2510690593377166,0.7875510623395326,0.21918326019876963,0.14410461582777437,0.24544619639512896,0.8333333333333334,1,0,0,0,1,0,2,7,Cluster_B
0.5,0.3112151820946664,0.2510690593377166,0.7875510623395326,0.21918326019876963,0.14410461582777437,0.10065153380518595,0.8333333333333334,1,0,0,0,1,0,2,7,Cluster_B
0.5,0.3112151820946664,0.2510690593377166,0.7875510623395326,0.21918326019876963,0.14410461582777437,0.22935544157766244,0.0,1,0,0,0,1,0,2,7,Cluster_B
0.25806451612903225,0.5248939658646399,0.14425595021914422,0.17224118946670278,0.3477043185963698,0.018549558545993772,,,2,0,1,0,0,0,7,4,Cluster_B
0.45161290322580644,0.3842846971388227,0.7992088622978366,0.027759937312438015,0.08118716401933565,0.051104131305664935,0.18796251664893898,0.5,1,0,0,0,1,0,11,3,Cluster_A
0.45161290322580644,0.3842846971388227,0.7992088622978366,0.027759937312438015,0.08118716401933565,0.051104131305664935,0.1402588700692603,0.2222222222222222,1,0,0,0,1,0,11,3,Cluster_A
0.25806451612903225,0.38137816735329055,0.6308731312708116,0.1734767299189415,0.06079204884765472,0.0020257285435955636,0.1605629987129482,0.7777777777777778,0,0,0,1,0,0,2,3,Cluster_A
0.25806451612903225,0.38137816735329055,0.6308731312708116,0.1734767299189415,0.06079204884765472,0.0020257285435955636,0.18555234969180098,0.8333333333333334,0,0,0,1,0,0,2,3,Cluster_A
0.25806451612903225,0.6284202954349714,0.488883065817909,0.1261717945057251,0.1790049693584872,0.1171032598747059,0.0,0.2222222222222222,0,0,0,0,1,0,7,3,Cluster_A
0.25806451612903225,0.6284202954349714,0.488883065817909,0.1261717945057251,0.1790049693584872,0.1171032598747059,0.30086070833517764,0.7777777777777778,0,0,0,0,1,0,7,3,Cluster_A
0.3870967741935484,0.5771223751351923,0.5559937252639641,0.2786397027854067,0.27085885636386703,0.06623913313271522,0.2831669273424078,0.3888888888888889,2,0,0,1,0,0,8,3,Cluster_A
0.3870967741935484,0.5771223751351923,0.5559937252639641,0.2786397027854067,0.27085885636386703,0.06623913313271522,0.4914701473847287,0.7777777777777778,2,0,0,1,0,0,8,3,Cluster_A
0.3870967741935484,0.5771223751351923,0.5559937252639641,0.2786397027854067,0.27085885636386703,0.06623913313271522,0.38398350796958713,0.9444444444444444,2,0,0,1,0,0,8,3,Cluster_A
0.3870967741935484,0.5771223751351923,0.5559937252639641,0.2786397027854067,0.27085885636386703,0.06623913313271522,0.0665905505163163,0.3888888888888889,2,0,0,1,0,0,8,3,Cluster_A
0.3870967741935484,0.5771223751351923,0.5559937252639641,0.2786397027854067,0.27085885636386703,0.06623913313271522,0.7824114031699824,0.3333333333333333,2,0,0,1,0,0,8,3,Cluster_A
0.0,0.5748880010864239,0.27490219054032466,0.0,0.23519832996991824,0.1690000257503358,0.2616872254392019,0.9444444444444444,0,0,0,0,1,0,5,4,Cluster_B
0.016129032258064516,0.6672092949635721,0.9891503959233653,0.26167072015237575,0.2623294094605211,0.06517249770722197,0.35552571946506073,0.6666666666666666,0,0,0,0,0,1,4,0,Cluster_A
0.24193548387096775,0.42616900682586084,0.5258442363950455,0.12674883153170127,0.0902730441466849,0.06588193486357745,0.10170557747710703,0.8888888888888888,2,0,0,0,0,1,3,3,Cluster_A
0.24193548387096775,0.42616900682586084,0.5258442363950455,0.12674883153170127,0.0902730441466849,0.06588193486357745,0.11275237495563102,0.6666666666666666,2,0,0,0,0,1,3,3,Cluster_A
0.24193548387096775,0.42616900682586084,0.5258442363950455,0.12674883153170127,0.0902730441466849,0.06588193486357745,0.08943864467273945,0.4444444444444444,2,0,0,0,0,1,3,3,Cluster_A
0.14516129032258066,0.5502005161464463,0.5218789589209786,0.6475768160898618,0.27980526922668103,0.25200144824698156,0.33972668777307413,0.16666666666666666,0,0,0,0,0,1,0,5,Cluster_B
0.14516129032258066,0.5502005161464463,0.5218789589209786,0.6475768160898618,0.27980526922668103,0.25200144824698156,0.07028492889245198,0.2777777777777778,0,0,0,0,0,1,0,5,Cluster_B
0.14516129032258066,0.5502005161464463,0.5218789589209786,0.6475768160898618,0.27980526922668103,0.25200144824698156,0.33055388501830896,0.3333333333333333,0,0,0,0,0,1,0,5,Cluster_B
0.4032258064516129,0.3640038711935168,0.6451533247797384,0.05207367379085058,0.015877814969872315,0.008866204351493977,,,0,0,0,0,0,1,2,1,Cluster_A
0.1774193548387097,0.48305947252639975,0.5962018463473426,0.17269593738172892,0.1262015019571424,0.43249013832576,0.6359055455272034,0.5,0,0,0,0,0,1,2,11,Cluster_C
0.1774193548387097,0.48305947252639975,0.5962018463473426,0.17269593738172892,0.1262015019571424,0.43249013832576,0.11994000037798849,0.8333333333333334,0,0,0,0,0,1,2,11,Cluster_C
0.08064516129032258,0.39780528441709134,0.5447768048558262,0.5217919259797003,0.0,0.35461156167492874,,,1,0,0,0,0,1,2,5,Cluster_B
0.6290322580645161,0.44042943525191675,0.34190510891093767,0.0,0.06018366328656779,0.20423165016567868,0.02049178214386379,0.5,2,0,0,1,0,0,7,8,Cluster_C
0.6290322580645161,0.44042943525191675,0.34190510891093767,0.0,0.06018366328656779,0.20423165016567868,0.48331555188727726,0.3888888888888889,2,0,0,1,0,0,7,8,Cluster_C
0.6290322580645161,0.44042943525191675,0.34190510891093767,0.0,0.06018366328656779,0.20423165016567868,0.08252227571516448,0.05555555555555555,2,0,0,1,0,0,7,8,Cluster_C
0.3064516129032258,0.5339126784225601,0.5942936714271991,0.5382594331390556,0.07091082055237756,0.16664192412544307,0.06907075690757916,1.0,2,0,1,0,0,0,0,4,Cluster_B
0.3064516129032258,0.5339126784225601,0.5942936714271991,0.5382594331390556,0.07091082055237756,0.16664192412544307,0.25844272512653477,0.05555555555555555,2,0,1,0,0,0,0,4,Cluster_B
0.3548387096774194,0.26868293141305566,0.8764048992950068,0.20642466556371772,0.07896095561821243,0.4132757194359501,0.0,0.9444444444444444,2,0,0,0,1,0,10,1,Cluster_A
0.3548387096774194,0.26868293141305566,0.8764048992950068,0.20642466556371772,0.07896095561821243,0.4132757194359501,0.061908114248057235,0.6111111111111112,2,0,0,0,1,0,10,1,Cluster_A
0.3548387096774194,0.26868293141305566,0.8764048992950068,0.20642466556371772,0.07896095561821243,0.4132757194359501,0.09038966369831002,0.6111111111111112,2,0,0,0,1,0,10,1,Cluster_A
0.06451612903225806,0.814877913725425,0.7690840092309955,0.0,0.193683212630918,0.03774942426064449,0.2513499869587758,0.7777777777777778,1,0,0,0,0,1,5,0,Cluster_A
0.06451612903225806,0.814877913725425,0.7690840092309955,0.0,0.193683212630918,0.03774942426064449,0.07831728557452955,0.7777777777777778,1,0,0,0,0,1,5,0,Cluster_A
0.06451612903225806,0.814877913725425,0.7690840092309955,0.0,0.193683212630918,0.03774942426064449,0.22456009824819084,0.6666666666666666,1,0,0,0,0,1,5,0,Cluster_A
0.06451612903225806,0.814877913725425,0.7690840092309955,0.0,0.193683212630918,0.03774942426064449,0.08624904688901627,0.3333333333333333,1,0,0,0,0,1,5,0,Cluster_A
0.24193548387096775,0.23344162934297452,0.8186373253278794,0.039597051674808245,0.07686067196280555,0.014975985549219134,0.0587537350557599,0.2222222222222222,1,0,0,1,0,0,2,2,Cluster_A
0.24193548387096775,0.23344162934297452,0.8186373253278794,0.039597051674808245,0.07686067196280555,0.014975985549219134,0.12006125638108339,0.4444444444444444,1,0,0,1,0,0,2,2,Cluster_A
0.24193548387096775,0.23344162934297452,0.8186373253278794,0.039597051674808245,0.07686067196280555,0.014975985549219134,0.4343276397764716,0.2222222222222222,1,0,0,1,0,0,2,2,Cluster_A
0.3709677419354839,0.19437691035775564,0.397756864713763,0.2203291714044095,0.09421194171462488,0.0505215204328277,0.34386522185586443,0.3888888888888889,2,0,0,1,0,0,3,7,Cluster_B
0.12903225806451613,0.6395547200253533,0.30207903594828384,0.0,0.03986770649139294,0.2934353162025531,0.4805636887065827,0.3333333333333333,1,0,0,1,0,0,6,5,Cluster_B
0.41935483870967744,0.5707882768060387,0.4748426159800704,0.14607208188171664,0.07271682690793457,0.006257831963077052,0.22676925158878222,0.6111111111111112,2,0,1,0,0,0,9,5,Cluster_B
0.41935483870967744,0.5707882768060387,0.4748426159800704,0.14607208188171664,0.07271682690793457,0.006257831963077052,0.0,0.2777777777777778,2,0,1,0,0,0,9,5,Cluster_B
0.41935483870967744,0.5707882768060387,0.4748426159800704,0.14607208188171664,0.07271682690793457,0.006257831963077052,0.4228261312946792,0.1111111111111111,2,0,1,0,0,0,9,5,Cluster_B
0.41935483870967744,0.5707882768060387,0.4748426159800704,0.14607208188171664,0.07271682690793457,0.006257831963077052,0.09376197453442979,0.3888888888888889,2,0,1,0,0,0,9,5,Cluster_B
0.22580645161290322,0.5393477393023769,0.511144982457739,0.05333844100235059,0.03762431802229869,0.16195016630173406,0.35874947184735745,0.6666666666666666,1,0,0,0,1,0,5,2,Cluster_A
0.2903225806451613,0.5401407186096678,0.7188383036941898,0.16620610837410374,0.007153031551182217,1.0,0.0006196287298057514,0.5555555555555556,0,0,1,0,0,0,0,10,Cluster_C
0.2903225806451613,0.5401407186096678,0.7188383036941898,0.16620610837410374,0.007153031551182217,1.0,0.26203217877326646,0.9444444444444444,0,0,1,0,0,0,0,10,Cluster_C
0.2903225806451613,0.5401407186096678,0.7188383036941898,0.16620610837410374,0.007153031551182217,1.0,0.0,0.2777777777777778,0,0,1,0,0,0,0,10,Cluster_C
0.22580645161290322,0.41992930740775497,0.16150707405703613,0.0,0.14943289307013233,0.35897399829097476,0.15123076910218608,0.7222222222222222,0,1,0,0,0,0,6,5,Cluster_B
0.22580645161290322,0.41992930740775497,0.16150707405703613,0.0,0.14943289307013233,0.35897399829097476,0.29141316733806905,0.3888888888888889,0,1,0,0,0,0,6,5,Cluster_B
0.7096774193548387,0.2538517330633088,0.8059100638921228,0.3900923127331543,0.1793175656543691,0.13648391300912507,0.0,0.8888888888888888,2,0,0,1,0,0,10,2,Cluster_A
0.3387096774193548,0.4364527265281323,0.46839842028420214,0.7165919396850361,0.1563536977902377,0.011912781670016935,0.11414018819828455,0.5555555555555556,1,1,0,0,0,0,1,6,Cluster_B
0.14516129032258066,0.2951535875961599,0.41462378601051597,0.6834142754120864,0.09877278463971186,0.33006618692822054,0.24063143065511952,0.4444444444444444,1,0,0,0,0,1,2,6,Cluster_B
0.5,0.6052152129769,0.2975791249479665,0.25204882557818553,0.07447324214188267,0.16928720368662067,0.16397517627666786,0.2222222222222222,0,0,0,0,0,1,8,6,Cluster_B
0.5,0.6052152129769,0.2975791249479665,0.25204882557818553,0.07447324214188267,0.16928720368662067,0.10178865738685693,0.7777777777777778,0,0,0,0,0,1,8,6,Cluster_B
0.11290322580645161,0.39463119819853365,0.16902866562684615,0.0,0.3279686126080595,0.02236792846254056,0.1525768407889357,0.5555555555555556,0,0,1,0,0,0,5,6,Cluster_B
0.3870967741935484,0.2673174451466912,0.6646341167923829,0.25929084092972965,0.1171047019220548,0.018000434240845225,0.0,0.4444444444444444,1,0,0,0,1,0,1,3,Cluster_A
0.3870967741935484,0.2673174451466912,0.6646341167923829,0.25929084092972965,0.1171047019220548,0.018000434240845225,0.009718914531070252,0.5,1,0,0,0,1,0,1,3,Cluster_A
0.0,0.36191730077484746,0.5146635934376809,0.0,0.10374654606400828,0.4458236717631413,0.0,0.1111111111111111,1,1,0,0,0,0,3,11,Cluster_C
0.0967741935483871,0.49971683548455414,0.2420078200517892,0.0,0.0,0.2050129567298358,0.12547085407679948,0.1111111111111111,1,0,0,0,1,0,6,5,Cluster_B
0.0967741935483871,0.49971683548455414,0.2420078200517892,0.0,0.0,0.2050129567298358,0.4895570909671051,0.8333333333333334,1,0,0,0,1,0,6,5,Cluster_B
0.3870967741935484,0.31644082647156274,0.2409842455872768,0.04641084901046142,0.06437003599063648,0.3277836887196995,0.0,0.7222222222222222,1,0,1,0,0,0,5,8,Cluster_C
0.3870967741935484,0.31644082647156274,0.2409842455872768,0.04641084901046142,0.06437003599063648,0.3277836887196995,0.08386155887290762,0.8888888888888888,1,0,1,0,0,0,5,8,Cluster_C
0.4838709677419355,0.26793235873621657,0.4328430601419743,0.10428020860448553,0.07458402763667125,0.39162918003053887,0.025804571065303334,0.2777777777777778,1,0,0,0,0,1,5,9,Cluster_C
0.4838709677419355,0.26793235873621657,0.4328430601419743,0.10428020860448553,0.07458402763667125,0.39162918003053887,0.1304872586771601,0.2777777777777778,1,0,0,0,0,1,5,9,Cluster_C
0.4838709677419355,0.26793235873621657,0.4328430601419743,0.10428020860448553,0.07458402763667125,0.39162918003053887,0.02640008676584853,0.8888888888888888,1,0,0,0,0,1,5,9,Cluster_C
0.3870967741935484,0.4679570253354559,0.8338043050578786,0.2699549495001083,0.07969813087117306,0.15710531789956303,,,1,0,0,0,1,0,11,0,Cluster_A
0.3225806451612903,0.4681971056943148,0.448081729727279,0.2034039434946522,0.139873361150604,0.13493938837961655,0.0,0.6111111111111112,2,0,0,0,1,0,8,4,Cluster_B
0.2903225806451613,0.32709623038728763,0.19937140937637882,0.0876720663577328,0.12224309011500595,0.10417022850763877,0.26330980237872204,0.6111111111111112,1,0,0,0,0,1,5,7,Cluster_B
0.2903225806451613,0.32709623038728763,0.19937140937637882,0.0876720663577328,0.12224309011500595,0.10417022850763877,0.08949973119539228,0.2222222222222222,1,0,0,0,0,1,5,7,Cluster_B
0.06451612903225806,0.3338340184976611,0.4508513871828112,0.03166024052932559,0.15132704328628263,0.07045159968779313,0.12099823529369319,0.6666666666666666,0,1,0,0,0,0,4,4,Cluster_B
0.06451612903225806,0.3338340184976611,0.4508513871828112,0.03166024052932559,0.15132704328628263,0.07045159968779313,0.30257882650621215,0.05555555555555555,0,1,0,0,0,0,4,4,Cluster_B
0.20967741935483872,0.46577321328324944,0.4454552860504659,1.0,0.23704018918215886,0.10553348187143746,0.035007925378165494,0.4444444444444444,2,0,0,0,0,1,0,7,Cluster_B
0.20967741935483872,0.46577321328324944,0.4454552860504659,1.0,0.23704018918215886,0.10553348187143746,0.05407460966190921,1.0,2,0,0,0,0,1,0,7,Cluster_B
0.20967741935483872,0.46577321328324944,0.4454552860504659,1.0,0.23704018918215886,0.10553348187143746,0.38136301822465163,0.2777777777777778,2,0,0,0,0,1,0,7,Cluster_B
0.25806451612903225,0.15048481798097102,0.0,0.08043623243655879,0.27540286058410585,0.2756185793486242,0.004742679163113069,0.8888888888888888,1,0,0,0,1,0,4,7,Cluster_B
0.25806451612903225,0.15048481798097102,0.0,0.08043623243655879,0.27540286058410585,0.2756185793486242,0.11234506789273184,0.16666666666666666,1,0,0,0,1,0,4,7,Cluster_B
0.5483870967741935,0.15810753813194842,0.48914102669643755,0.08973007898438819,0.20663990120079176,0.17065509717509592,0.19946725550641056,0.4444444444444444,0,1,0,0,0,0,7,9,Cluster_C
0.41935483870967744,0.2874066495008619,0.4538130939582644,0.002484853611287386,0.5161115181571294,0.41365658295356833,0.020128871479044554,0.7222222222222222,2,1,0,0,0,0,6,11,Cluster_C
0.41935483870967744,0.2874066495008619,0.4538130939582644,0.002484853611287386,0.5161115181571294,0.41365658295356833,0.05556602103425674,0.2777777777777778,2,1,0,0,0,0,6,11,Cluster_C
0.41935483870967744,0.2874066495008619,0.4538130939582644,0.002484853611287386,0.5161115181571294,0.41365658295356833,0.05892778417534851,0.5555555555555556,2,1,0,0,0,0,6,11,Cluster_C
0.0,0.3821727153395496,0.6392412729626836,0.29320345530427067,0.0,0.10843936512879358,0.336487249596143,0.7777777777777778,0,0,0,0,0,1,2,4,Cluster_B
0.4032258064516129,0.48057137279832923,0.869791218989069,0.2103032216627394,0.03092959397416418,0.17307936237069965,,,1,0,0,0,1,0,11,0,Cluster_A
0.27419354838709675,0.6990879231223557,0.7253130059095514,0.01712728195582951,0.0,0.18488616113872566,0.023667617461176516,0.7222222222222222,1,0,1,0,0,0,7,0,Cluster_A
0.27419354838709675,0.6990879231223557,0.7253130059095514,0.01712728195582951,0.0,0.18488616113872566,0.22194413328127263,1.0,1,0,1,0,0,0,7,0,Cluster_A
0.20967741935483872,0.5831730404386514,0.4462222618890339,0.0,0.16915635638118742,0.16594773592154466,0.0335868506515264,0.8333333333333334,1,0,0,0,1,0,5,2,Cluster_A
0.20967741935483872,0.5831730404386514,0.4462222618890339,0.0,0.16915635638118742,0.16594773592154466,0.07841510271630073,0.8888888888888888,1,0,0,0,1,0,5,2,Cluster_A
0.20967741935483872,0.5831730404386514,0.4462222618890339,0.0,0.16915635638118742,0.16594773592154466,0.004283667184276847,0.6111111111111112,1,0,0,0,1,0,5,2,Cluster_A
0.20967741935483872,0.5831730404386514,0.4462222618890339,0.0,0.16915635638118742,0.16594773592154466,0.04246541056886279,0.1111111111111111,1,0,0,0,1,0,5,2,Cluster_A
0.20967741935483872,0.5831730404386514,0.4462222618890339,0.0,0.16915635638118742,0.16594773592154466,0.07406827124127482,0.8888888888888888,1,0,0,0,1,0,5,2,Cluster_A
0.46774193548387094,0.3922139648386037,0.278694818251666,0.20158534222149802,0.37705285084913015,0.2247869617470615,0.0,0.5,1,0,0,1,0,0,9,8,Cluster_C
0.46774193548387094,0.3922139648386037,0.278694818251666,0.20158534222149802,0.37705285084913015,0.2247869617470615,0.0,1.0,1,0,0,1,0,0,9,8,Cluster_C
0.46774193548387094,0.3922139648386037,0.278694818251666,0.20158534222149802,0.37705285084913015,0.2247869617470615,0.06983556237258985,0.1111111111111111,1,0,0,1,0,0,9,8,Cluster_C
0.46774193548387094,0.3922139648386037,0.278694818251666,0.20158534222149802,0.37705285084913015,0.2247869617470615,0.7626635023433119,0.8888888888888888,1,0,0,1,0,0,9,8,Cluster_C
0.46774193548387094,0.3922139648386037,0.278694818251666,0.20158534222149802,0.37705285084913015,0.2247869617470615,0.09601132950530143,0.8333333333333334,1,0,0,1,0,0,9,8,Cluster_C
0.5483870967741935,0.41865897780213995,1.0,0.18540588160478821,0.041178102392922925,0.050015422165081945,0.050138043890604035,0.5555555555555556,2,0,1,0,0,0,11,1,Cluster_A
0.5483870967741935,0.41865897780213995,1.0,0.18540588160478821,0.041178102392922925,0.050015422165081945,0.2630987971315464,0.8333333333333334,2,0,1,0,0,0,11,1,Cluster_A
0.5483870967741935,0.41865897780213995,1.0,0.18540588160478821,0.041178102392922925,0.050015422165081945,0.30605732192564067,0.1111111111111111,2,0,1,0,0,0,11,1,Cluster_A
0.532258064516129,0.23409617895428483,0.5118436868028976,0.03155569282904959,0.4331456703168244,0.13299489065999293,0.1848898778336274,0.5,2,1,0,0,0,0,8,9,Cluster_C
0.1774193548387097,0.418753382599016,0.5027858583825893,0.5889284978727812,0.004831268481349828,0.020136039885571406,0.2582232218558013,0.9444444444444444,0,0,1,0,0,0,1,5,Cluster_B
0.1774193548387097,0.418753382599016,0.5027858583825893,0.5889284978727812,0.004831268481349828,0.020136039885571406,0.1407502933950074,0.3333333333333333,0,0,1,0,0,0,1,5,Cluster_B
0.2903225806451613,0.368058778490192,0.49517498257799936,0.0,0.4510718865363327,0.0897816474623037,0.14860218474131934,0.0,1,1,0,0,0,0,9,9,Cluster_C
0.4032258064516129,0.48278778468004085,0.539616952153571,0.08266692534553345,0.06703058312400084,0.12382598979016483,0.4982157380369579,0.2222222222222222,0,1,0,0,0,0,9,4,Cluster_B
0.4032258064516129,0.48278778468004085,0.539616952153571,0.08266692534553345,0.06703058312400084,0.12382598979016483,0.28367679691671577,0.4444444444444444,0,1,0,0,0,0,9,4,Cluster_B
0.4032258064516129,0.48278778468004085,0.539616952153571,0.08266692534553345,0.06703058312400084,0.12382598979016483,0.10422542179618591,0.2222222222222222,0,1,0,0,0,0,9,4,Cluster_B
0.4032258064516129,0.48278778468004085,0.539616952153571,0.08266692534553345,0.06703058312400084,0.12382598979016483,0.0,0.4444444444444444,0,1,0,0,0,0,9,4,Cluster_B
0.532258064516129,0.26699209601201723,0.4711279176152115,0.5604624343723423,0.012336390177419585,0.19572533772076073,,,2,0,1,0,0,0,2,8,Cluster_C
0.25806451612903225,0.519686330729541,0.3852675986239528,0.07812216745383795,0.10591327635185668,0.557658566804369,0.123536565750431,0.6666666666666666,1,1,0,0,0,0,1,11,Cluster_C
0.25806451612903225,0.519686330729541,0.3852675986239528,0.07812216745383795,0.10591327635185668,0.557658566804369,0.07847991505458185,0.4444444444444444,1,1,0,0,0,0,1,11,Cluster_C
0.3064516129032258,0.7098561684848674,0.39062821175192164,0.17604793470277988,0.044149479845503665,0.17006285647089944,0.13783768903626967,0.7222222222222222,1,1,0,0,0,0,6,2,Cluster_A
0.12903225806451613,0.4018179292255282,0.4934493459568003,0.07037744200189096,0.05060809931703832,0.2522912608443016,,,2,0,0,1,0,0,4,3,Cluster_A
0.11290322580645161,0.49761137796355265,0.3913150457732471,0.031827944151768525,0.055945886116415405,0.13068858666412353,,,2,0,0,0,1,0,5,5,Cluster_B
0.5,0.551737615719616,0.3574308434645671,0.8207801094755396,0.2667066513908531,0.18629917345326666,0.006134601692215783,0.5555555555555556,2,0,0,0,1,0,1,7,Cluster_B
0.5,0.551737615719616,0.3574308434645671,0.8207801094755396,0.2667066513908531,0.18629917345326666,0.0,0.2222222222222222,2,0,0,0,1,0,1,7,Cluster_B
0.5,0.551737615719616,0.3574308434645671,0.8207801094755396,0.2667066513908531,0.18629917345326666,0.06162723411705622,0.6666666666666666,2,0,0,0,1,0,1,7,Cluster_B
0.6129032258064516,0.3469358003242893,0.5212860455383794,0.07444922258870824,0.12425259298406599,0.013363575936996093,0.004758657403407086,0.2777777777777778,2,0,0,1,0,0,10,5,Cluster_B
0.3387096774193548,0.4642799437144136,0.44900455651582893,0.4300522427961653,0.05692078699778534,0.054189115774466376,0.00549132323332493,0.9444444444444444,2,0,1,0,0,0,0,4,Cluster_B
0.5483870967741935,0.4245905438890247,0.8007985977165377,0.01958051292770147,0.1523683956907004,0.0830723271429833,0.12378863759553044,1.0,1,0,0,0,0,1,11,3,Cluster_A
0.5483870967741935,0.4245905438890247,0.8007985977165377,0.01958051292770147,0.1523683956907004,0.0830723271429833,0.3704269945895981,0.1111111111111111,1,0,0,0,0,1,11,3,Cluster_A
0.5483870967741935,0.4245905438890247,0.8007985977165377,0.01958051292770147,0.1523683956907004,0.0830723271429833,0.08453338349676907,0.8888888888888888,1,0,0,0,0,1,11,3,Cluster_A
0.41935483870967744,0.4405570668467227,0.0,0.015102085802522331,0.20547123876783818,0.11840931400387218,0.30103294185000506,0.1111111111111111,2,0,0,0,0,1,7,5,Cluster_B
0.22580645161290322,0.2771670580060676,0.7183013703844924,0.0,0.0477617445041418,0.00838055977687211,0.3767755548698345,0.7222222222222222,1,0,0,0,0,1,2,2,Cluster_A
0.41935483870967744,0.4268269935124124,0.7492170384995258,0.18370948804330817,0.08385469284230762,0.02770520868115534,,,1,0,0,1,0,0,10,3,Cluster_A
0.6451612903225806,0.5156801944012805,0.0853219535183701,0.06062739051838648,0.016197590981240313,0.059855913615877804,0.3194010749770483,0.7777777777777778,2,0,0,1,0,0,7,7,Cluster_B
0.3387096774193548,0.6945442656406398,0.4314624811839303,0.37884235699864693,0.027908419171308166,0.6602116048013945,,,2,1,0,0,0,0,1,11,Cluster_C
0.6451612903225806,0.6022410598850543,0.4257118268008417,0.09812823062816832,0.18596654066360396,0.07440604587904712,0.05568288538762556,0.8888888888888888,1,0,0,0,0,1,10,6,Cluster_B
0.6451612903225806,0.6022410598850543,0.4257118268008417,0.09812823062816832,0.18596654066360396,0.07440604587904712,0.11308341365457675,0.2222222222222222,1,0,0,0,0,1,10,6,Cluster_B
0.6451612903225806,0.6022410598850543,0.4257118268008417,0.09812823062816832,0.18596654066360396,0.07440604587904712,0.21979253641446628,0.8888888888888888,1,0,0,0,0,1,10,6,Cluster_B
0.0,0.8262865347870245,0.2184976610564357,0.6789135878346486,0.027967580136924117,0.12179914238001588,0.15610119637677367,0.5555555555555556,2,0,1,0,0,0,0,6,Cluster_B
0.0,0.8262865347870245,0.2184976610564357,0.6789135878346486,0.027967580136924117,0.12179914238001588,0.6851919691224362,0.3888888888888889,2,0,1,0,0,0,0,6,Cluster_B
0.5,0.27822961150856534,0.344436662481825,0.007974933433276913,0.11923762565342458,0.04021868554658623,0.1188338202941908,0.8333333333333334,2,0,1,0,0,0,6,8,Cluster_C
0.3709677419354839,0.5859242773391645,0.27788483090683425,0.3854521733923953,0.20132810046475177,0.17483076044307116,,,2,0,0,0,0,1,8,5,Cluster_B
0.2903225806451613,0.45663284528289927,0.8504540886847246,0.2756090975188202,0.013357131316279958,0.06085143207774074,0.1990776308793292,0.5,0,0,0,0,0,1,11,0,Cluster_A
0.3709677419354839,0.8331586111239563,0.6871356786294922,0.2704190435634558,0.1348165708214771,0.04275104138329618,0.14076748128196565,0.3888888888888889,1,0,0,0,0,1,8,2,Cluster_A
0.3709677419354839,0.8331586111239563,0.6871356786294922,0.2704190435634558,0.1348165708214771,0.04275104138329618,0.0,0.6111111111111112,1,0,0,0,0,1,8,2,Cluster_A
0.0,0.2705449355064063,0.7543110189988318,0.3509515746512943,0.04410127822779064,0.13460366474212437,,,0,0,0,1,0,0,2,4,Cluster_B
0.3064516129032258,0.26464809563418296,0.644334412808647,0.2616673336421504,0.5466250790739541,0.0007339355095123249,0.7107042562663058,0.8888888888888888,2,0,0,1,0,0,8,10,Cluster_C
0.41935483870967744,0.30974747116448714,0.27418964575655413,0.16912181043246147,0.10515671027823581,0.0011371297549111884,0.07070245806922135,0.2222222222222222,0,0,0,1,0,0,5,7,Cluster_B
0.6290322580645161,0.023664307801763117,0.39509594674404525,0.0,0.26925006437464116,0.04559896675812062,0.08405659675068441,0.05555555555555555,2,0,0,0,1,0,7,9,Cluster_C
0.6290322580645161,0.023664307801763117,0.39509594674404525,0.0,0.26925006437464116,0.04559896675812062,0.20343181063401244,0.8333333333333334,2,0,0,0,1,0,7,9,Cluster_C
0.24193548387096775,0.32356606204879096,0.5978749122455835,0.0,0.12832590782015826,0.006652578682121723,0.23388474507049592,1.0,0,0,1,0,0,0,3,2,Cluster_A
0.24193548387096775,0.32356606204879096,0.5978749122455835,0.0,0.12832590782015826,0.006652578682121723,0.1129924838899975,0.2777777777777778,0,0,1,0,0,0,3,2,Cluster_A
0.24193548387096775,0.32356606204879096,0.5978749122455835,0.0,0.12832590782015826,0.006652578682121723,0.7273603200621863,0.6666666666666666,0,0,1,0,0,0,3,2,Cluster_A
0.1935483870967742,0.279771192495199,0.2555744382216109,0.49028620037536497,0.0018519077005362218,0.020925195741500983,0.5735340317302613,0.3333333333333333,2,0,1,0,0,0,2,6,Cluster_B
0.24193548387096775,0.4504498923427874,0.6425996860344776,0.16389124608912695,0.16248144976106463,0.07650328417091598,0.0,0.3888888888888889,0,1,0,0,0,0,3,3,Cluster_A
0.24193548387096775,0.4504498923427874,0.6425996860344776,0.16389124608912695,0.16248144976106463,0.07650328417091598,0.0,0.7222222222222222,0,1,0,0,0,0,3,3,Cluster_A
0.5161290322580645,0.4863602825690655,0.45193492036837296,0.29495293908930476,0.5012626570041452,0.3008143063972576,,,0,0,0,1,0,0,10,8,Cluster_C
0.4032258064516129,0.7743034583676492,0.42503583849008053,0.10141897109030235,0.14865839487494267,0.1572250964786884,0.12709006723829228,0.16666666666666666,0,0,0,0,1,0,6,2,Cluster_A
0.4032258064516129,0.7743034583676492,0.42503583849008053,0.10141897109030235,0.14865839487494267,0.1572250964786884,0.8070008077690355,0.7777777777777778,0,0,0,0,1,0,6,2,Cluster_A
0.24193548387096775,0.6005808636417606,0.6421919936406982,0.0,0.28105623710185407,0.13311060462648974,0.0066060472507920714,0.2222222222222222,1,0,0,0,1,0,4,1,Cluster_A
0.24193548387096775,0.6005808636417606,0.6421919936406982,0.0,0.28105623710185407,0.13311060462648974,0.209334372583592,0.0,1,0,0,0,1,0,4,1,Cluster_A
0.45161290322580644,0.31396767998318253,0.588852662297208,0.0,0.35574522851743573,0.06418509139999376,0.2700243032799823,0.5,0,0,1,0,0,0,8,9,Cluster_C
0.45161290322580644,0.31396767998318253,0.588852662297208,0.0,0.35574522851743573,0.06418509139999376,0.08406063643740841,0.6666666666666666,0,0,1,0,0,0,8,9,Cluster_C
0.45161290322580644,0.31396767998318253,0.588852662297208,0.0,0.35574522851743573,0.06418509139999376,0.359396582149332,1.0,0,0,1,0,0,0,8,9,Cluster_C
0.3709677419354839,0.253633995060859,0.427806766836184,0.2048921686092506,0.037800122765893895,0.49794094025454366,0.3182971423920235,0.3888888888888889,1,0,0,1,0,0,3,9,Cluster_C
0.3709677419354839,0.253633995060859,0.427806766836184,0.2048921686092506,0.037800122765893895,0.49794094025454366,0.08519944083102271,0.3888888888888889,1,0,0,1,0,0,3,9,Cluster_C
0.3709677419354839,0.253633995060859,0.427806766836184,0.2048921686092506,0.037800122765893895,0.49794094025454366,0.20904352843011884,0.3888888888888889,1,0,0,1,0,0,3,9,Cluster_C
0.532258064516129,0.5145394070657299,0.7318659606728497,0.08192876963948764,0.0343543174603613,0.0935906792764179,0.14818122021842942,0.3333333333333333,2,1,0,0,0,0,10,3,Cluster_A
0.20967741935483872,0.17447693547660395,0.28378733448002047,0.011820622391372994,0.15264699408539614,0.016620143073233843,0.003891387420393363,0.3888888888888889,0,0,0,1,0,0,4,6,Cluster_B
0.20967741935483872,0.17447693547660395,0.28378733448002047,0.011820622391372994,0.15264699408539614,0.016620143073233843,0.5022095769032153,0.7777777777777778,0,0,0,1,0,0,4,6,Cluster_B
0.20967741935483872,0.17447693547660395,0.28378733448002047,0.011820622391372994,0.15264699408539614,0.016620143073233843,0.07082364675999768,0.3888888888888889,0,0,0,1,0,0,4,6,Cluster_B
0.2903225806451613,0.7659129398012389,0.6231871213888528,0.1054777958777926,0.08313588251400736,0.17785271268387706,0.16167548292122128,0.8888888888888888,2,0,0,0,0,1,7,1,Cluster_A
0.2903225806451613,0.7659129398012389,0.6231871213888528,0.1054777958777926,0.08313588251400736,0.17785271268387706,0.3248877856114301,0.05555555555555555,2,0,0,0,0,1,7,1,Cluster_A
0.2903225806451613,0.7659129398012389,0.6231871213888528,0.1054777958777926,0.08313588251400736,0.17785271268387706,0.07205588986129886,0.6111111111111112,2,0,0,0,0,1,7,1,Cluster_A
0.27419354838709675,0.6435572954230571,0.6186202515936768,0.0,0.30140474561490344,0.022138546758335417,,,2,0,0,1,0,0,4,1,Cluster_A
0.06451612903225806,0.33418355784383347,0.438090712137202,0.14597353772240357,0.38036028274517136,0.0782979308934657,0.15122056507041814,0.16666666666666666,0,0,0,0,0,1,4,5,Cluster_B
0.06451612903225806,0.33418355784383347,0.438090712137202,0.14597353772240357,0.38036028274517136,0.0782979308934657,0.0793030118638746,0.5555555555555556,0,0,0,0,0,1,4,5,Cluster_B
0.4032258064516129,0.10074638375421867,0.5652266044484235,0.030344716540508423,0.06749616956818681,0.13111980457574177,,,1,0,0,0,0,1,1,1,Cluster_A
0.4032258064516129,0.6762906703499945,0.2497772847229394,0.2959946117307507,0.039719711945549116,0.38447493608464206,0.029818804201697583,0.7222222222222222,0,1,0,0,0,0,8,7,Cluster_B
0.3548387096774194,0.40073333060088084,0.6848054038413802,0.04239759941659182,0.24857865292610873,0.12596808828828293,0.036200993065235595,0.3333333333333333,2,0,1,0,0,0,3,1,Cluster_A
0.3548387096774194,0.40073333060088084,0.6848054038413802,0.04239759941659182,0.24857865292610873,0.12596808828828293,0.028227062617472685,0.8888888888888888,2,0,1,0,0,0,3,1,Cluster_A
0.3064516129032258,0.6545119767812045,0.46301957271140215,0.09118072604040948,0.04826527196661996,0.22455306694409996,0.1286224782318627,0.1111111111111111,2,0,0,1,0,0,6,2,Cluster_A
0.3064516129032258,0.6545119767812045,0.46301957271140215,0.09118072604040948,0.04826527196661996,0.22455306694409996,0.3416810659114303,0.16666666666666666,2,0,0,1,0,0,6,2,Cluster_A
0.3064516129032258,0.6545119767812045,0.46301957271140215,0.09118072604040948,0.04826527196661996,0.22455306694409996,0.02920053598128344,0.8888888888888888,2,0,0,1,0,0,6,2,Cluster_A
0.08064516129032258,0.12302251913111817,0.3954553958961921,0.0,0.2842618310925757,0.9157673974171755,0.0,0.5,0,0,0,0,0,1,4,11,Cluster_C
0.08064516129032258,0.12302251913111817,0.3954553958961921,0.0,0.2842618310925757,0.9157673974171755,0.1567364926320272,0.6111111111111112,0,0,0,0,0,1,4,11,Cluster_C
0.08064516129032258,0.12302251913111817,0.3954553958961921,0.0,0.2842618310925757,0.9157673974171755,0.20518810290452072,0.8333333333333334,0,0,0,0,0,1,4,11,Cluster_C
0.08064516129032258,0.12302251913111817,0.3954553958961921,0.0,0.2842618310925757,0.9157673974171755,0.16389059781228557,0.5,0,0,0,0,0,1,4,11,Cluster_C
0.25806451612903225,0.3097507781422341,0.7098018451673778,0.0,0.0867921733109626,0.02587240339787615,0.25010735132448975,0.6666666666666666,1,0,0,1,0,0,2,2,Cluster_A
0.25806451612903225,0.3097507781422341,0.7098018451673778,0.0,0.0867921733109626,0.02587240339787615,0.43141063777257294,0.8888888888888888,1,0,0,1,0,0,2,2,Cluster_A
0.25806451612903225,0.3097507781422341,0.7098018451673778,0.0,0.0867921733109626,0.02587240339787615,0.37057937732148777,0.05555555555555555,1,0,0,1,0,0,2,2,Cluster_A
0.27419354838709675,0.4232115111563068,0.3591312618914482,0.0686329304315277,0.17898304522995034,0.059322190654419106,0.07952870644683073,0.2222222222222222,1,0,1,0,0,0,5,6,Cluster_B
0.27419354838709675,0.4232115111563068,0.3591312618914482,0.0686329304315277,0.17898304522995034,0.059322190654419106,0.051532936505596844,0.8888888888888888,1,0,1,0,0,0,5,6,Cluster_B
0.1935483870967742,0.43104371749508164,0.2183077407272881,0.10078803767862331,0.011242237534825552,0.09284152918761561,0.41363638602867325,0.7222222222222222,2,0,1,0,0,0,6,6,Cluster_B
0.1935483870967742,0.43104371749508164,0.2183077407272881,0.10078803767862331,0.011242237534825552,0.09284152918761561,0.26188708128730065,0.6666666666666666,2,0,1,0,0,0,6,6,Cluster_B
0.1935483870967742,0.43104371749508164,0.2183077407272881,0.10078803767862331,0.011242237534825552,0.09284152918761561,0.1640034565690791,0.6111111111111112,2,0,1,0,0,0,6,6,Cluster_B
0.1935483870967742,0.43104371749508164,0.2183077407272881,0.10078803767862331,0.011242237534825552,0.09284152918761561,0.37480616835579617,1.0,2,0,1,0,0,0,6,6,Cluster_B
0.3225806451612903,0.33776971060505484,0.18867416529521924,0.15510526279143033,0.15828917358637556,0.10138924081025012,0.1418541451575385,0.1111111111111111,2,0,0,0,1,0,5,7,Cluster_B
0.41935483870967744,0.5391094369739327,0.6212019902691279,0.03686235484299133,0.09514907340158407,0.09795230647716571,,,1,0,1,0,0,0,10,4,Cluster_B
0.7096774193548387,0.22188140683149557,0.2439141295007434,0.21118292021845225,0.14246258727373265,0.44172956807317926,0.08430549848289694,0.2777777777777778,0,1,0,0,0,0,4,9,Cluster_C
0.7096774193548387,0.22188140683149557,0.2439141295007434,0.21118292021845225,0.14246258727373265,0.44172956807317926,0.0,0.05555555555555555,0,1,0,0,0,0,4,9,Cluster_C
0.3870967741935484,0.3955090366507322,0.8509588363968729,0.3724801733247798,0.02524132652343429,0.23204094642534281,0.2518994218244183,0.16666666666666666,2,0,0,0,0,1,11,0,Cluster_A
0.3870967741935484,0.3955090366507322,0.8509588363968729,0.3724801733247798,0.02524132652343429,0.23204094642534281,0.07623387684576431,0.1111111111111111,2,0,0,0,0,1,11,0,Cluster_A
0.4032258064516129,0.44480177300100127,0.08361411842325558,0.2786449597305319,0.2181767549857876,0.1734650184157966,0.12598906061482468,0.2222222222222222,1,0,0,0,1,0,7,5,Cluster_B
0.4032258064516129,0.44480177300100127,0.08361411842325558,0.2786449597305319,0.2181767549857876,0.1734650184157966,0.09508910287626356,0.6666666666666666,1,0,0,0,1,0,7,5,Cluster_B
0.4032258064516129,0.44480177300100127,0.08361411842325558,0.2786449597305319,0.2181767549857876,0.1734650184157966,0.23276013133544382,0.2777777777777778,1,0,0,0,1,0,7,5,Cluster_B
0.3387096774193548,0.5187653718342629,0.8392912736580077,0.0,0.3273118876891415,0.06840509416360536,,,2,1,0,0,0,0,3,0,Cluster_A
0.0,0.5557667706490544,0.5422034934405237,0.10101417410388448,0.03535592067405688,0.3219025763896305,0.1604776744941107,0.3888888888888889,0,0,0,1,0,0,5,3,Cluster_A
0.0,0.5557667706490544,0.5422034934405237,0.10101417410388448,0.03535592067405688,0.3219025763896305,0.34684208225102636,0.6666666666666666,0,0,0,1,0,0,5,3,Cluster_A
0.0,0.5557667706490544,0.5422034934405237,0.10101417410388448,0.03535592067405688,0.3219025763896305,0.12862295617569863,0.7777777777777778,0,0,0,1,0,0,5,3,Cluster_A
0.3387096774193548,0.21118091182984353,0.4806573776259215,0.0,0.011275454401586754,0.575480119883326,0.0909200851877587,0.5,1,0,0,0,0,1,3,10,Cluster_C
0.3387096774193548,0.21118091182984353,0.4806573776259215,0.0,0.011275454401586754,0.575480119883326,0.037624428788309204,0.7777777777777778,1,0,0,0,0,1,3,10,Cluster_C
0.3387096774193548,0.21118091182984353,0.4806573776259215,0.0,0.011275454401586754,0.575480119883326,0.20489290561278897,0.8333333333333334,1,0,0,0,0,1,3,10,Cluster_C
0.3548387096774194,0.13434074714684832,0.3910161826382101,0.02285474816235549,0.0,0.31919242216808413,0.017978618279495574,0.5555555555555556,2,0,1,0,0,0,4,8,Cluster_C
0.3548387096774194,0.13434074714684832,0.3910161826382101,0.02285474816235549,0.0,0.31919242216808413,0.1511878236630042,0.6666666666666666,2,0,1,0,0,0,4,8,Cluster_C
0.8225806451612904,0.6619920671337232,0.5798272228704142,0.858727445909538,0.16656022704741688,0.0,0.01130387639808618,0.16666666666666666,0,0,0,0,0,1,1,7,Cluster_B
0.8225806451612904,0.6619920671337232,0.5798272228704142,0.858727445909538,0.16656022704741688,0.0,0.14354488680084893,0.7777777777777778,0,0,0,0,0,1,1,7,Cluster_B
0.3064516129032258,0.48458843513299854,0.4924730595150303,0.0,0.15098072178613153,0.18746808292261,,,2,0,0,1,0,0,5,2,Cluster_A
0.4032258064516129,0.28176900880594336,0.7206603764033042,0.1084674392156567,0.12701599106987135,0.009450589320515757,0.048565101835430335,0.6111111111111112,0,0,0,0,1,0,2,0,Cluster_A
0.4032258064516129,0.28176900880594336,0.7206603764033042,0.1084674392156567,0.12701599106987135,0.009450589320515757,0.35155985134379103,0.5,0,0,0,0,1,0,2,0,Cluster_A
0.4032258064516129,0.28176900880594336,0.7206603764033042,0.1084674392156567,0.12701599106987135,0.009450589320515757,0.25244258051381163,0.1111111111111111,0,0,0,0,1,0,2,0,Cluster_A
0.4032258064516129,0.28176900880594336,0.7206603764033042,0.1084674392156567,0.12701599106987135,0.009450589320515757,0.20531457282549193,0.7777777777777778,0,0,0,0,1,0,2,0,Cluster_A
0.3387096774193548,0.7133115023873877,0.5228455297324079,0.1647053313713007,0.03864189881697578,0.05499123923993841,0.05941050482610844,0.5555555555555556,0,0,0,0,1,0,6,2,Cluster_A
0.11290322580645161,0.44393461203697515,0.5300603522923756,0.21632206514298036,0.07750547459193384,0.011098736267459499,0.32821516997032885,0.8333333333333334,1,0,0,0,1,0,3,4,Cluster_B
0.11290322580645161,0.44393461203697515,0.5300603522923756,0.21632206514298036,0.07750547459193384,0.011098736267459499,0.37573459086117644,0.7222222222222222,1,0,0,0,1,0,3,4,Cluster_B
0.5645161290322581,0.6435304724066304,0.4272775575572288,0.13521015669754013,0.14568313645910425,0.17152990764600487,0.09073116663609124,0.3888888888888889,0,0,1,0,0,0,9,6,Cluster_B
0.5645161290322581,0.6435304724066304,0.4272775575572288,0.13521015669754013,0.14568313645910425,0.17152990764600487,0.010190377280877969,0.7222222222222222,0,0,1,0,0,0,9,6,Cluster_B
0.5645161290322581,0.6435304724066304,0.4272775575572288,0.13521015669754013,0.14568313645910425,0.17152990764600487,0.05880303376408596,0.5555555555555556,0,0,1,0,0,0,9,6,Cluster_B
0.5,0.4348977889940689,0.48861087525578656,0.0,0.10950308072490213,0.21503475145283785,0.0,0.7222222222222222,2,1,0,0,0,0,11,5,Cluster_B
0.5,0.4348977889940689,0.48861087525578656,0.0,0.10950308072490213,0.21503475145283785,0.01662501648850872,0.9444444444444444,2,1,0,0,0,0,11,5,Cluster_B
0.5,0.8089405786750199,0.561560353778412,0.04728479365472968,0.7327038821309486,0.022274566212332262,0.45493283869681694,0.7222222222222222,0,1,0,0,0,0,10,10,Cluster_C
0.1774193548387097,0.7516289041571361,0.15796632146867487,0.11638891591158963,0.018998594293071616,0.08957899784433988,0.2369667727857096,0.16666666666666666,0,0,0,0,0,1,6,4,Cluster_B
0.6129032258064516,0.3755077141800431,0.2303629155788574,0.0,0.19350573671851348,0.11277621857098008,0.04907306711970556,0.2222222222222222,1,0,1,0,0,0,7,8,Cluster_C
0.08064516129032258,0.6045492602954727,0.6486528188045431,0.05484439125869296,0.08123736326431276,0.08517811961001696,0.30338019988713066,0.0,0,0,0,0,1,0,5,1,Cluster_A
0.46774193548387094,0.5433365942415351,0.5341730876255883,0.0,0.08809474731593,0.023649755466636262,0.07782273308610126,0.6111111111111112,0,0,0,0,1,0,10,5,Cluster_B
0.7741935483870968,0.679060329476826,0.4632033327294641,0.0,0.206327853869115,0.10046696453524533,0.11458220859586776,0.8333333333333334,2,0,0,1,0,0,11,6,Cluster_B
0.7741935483870968,0.679060329476826,0.4632033327294641,0.0,0.206327853869115,0.10046696453524533,0.21405125495676428,1.0,2,0,0,1,0,0,11,6,Cluster_B
0.16129032258064516,0.24115317748914333,0.5036867866130786,0.0701470731452955,0.19202333664577897,0.2578634713786153,0.08589531789692219,0.3888888888888889,1,0,0,1,0,0,4,5,Cluster_B
0.16129032258064516,0.24115317748914333,0.5036867866130786,0.0701470731452955,0.19202333664577897,0.2578634713786153,0.12635477110725782,0.6111111111111112,1,0,0,1,0,0,4,5,Cluster_B
0.24193548387096775,0.5509696248675444,0.5695163410723342,0.0,0.7887240460107883,0.013378647793217362,0.2453828252979977,0.0,1,0,0,0,1,0,9,11,Cluster_C
0.3709677419354839,0.6208479051736663,0.3920480639381277,0.13895187667271464,0.01744437834691337,0.015220131183973775,0.0,0.8333333333333334,1,0,0,0,1,0,9,5,Cluster_B
0.24193548387096775,0.0921883095597506,0.3443390549195374,0.20747418548105528,0.012838645258210404,0.08102413432366894,,,0,0,1,0,0,0,3,6,Cluster_B
0.04838709677419355,0.2001811497907113,0.5391690510195363,0.29911221774705365,0.21037699983355457,0.5272565543661473,,,1,1,0,0,0,0,3,11,Cluster_C
0.3548387096774194,0.03955198658327616,0.3043254444769936,0.01172373260507183,0.13916210901697995,0.20466118266634,0.2629583461715879,0.7777777777777778,0,0,0,1,0,0,4,7,Cluster_B
0.3548387096774194,0.03955198658327616,0.3043254444769936,0.01172373260507183,0.13916210901697995,0.20466118266634,0.2958485293338545,0.3888888888888889,0,0,0,1,0,0,4,7,Cluster_B
0.14516129032258066,0.3716715079107926,0.5816505511428943,0.0034416141658779906,0.04811618867877533,0.21040320664629558,0.0946582645074398,0.3333333333333333,0,1,0,0,0,0,4,3,Cluster_A
0.14516129032258066,0.3716715079107926,0.5816505511428943,0.0034416141658779906,0.04811618867877533,0.21040320664629558,0.25497772021487647,0.7777777777777778,0,1,0,0,0,0,4,3,Cluster_A
0.43548387096774194,0.5568790825809835,0.1594832791524319,0.0,0.008282238102982818,0.08309178340128448,0.07752607866089016,0.7222222222222222,2,0,1,0,0,0,7,7,Cluster_B
0.16129032258064516,0.7041548097946255,0.7058311274651288,0.1748518858008546,0.009421933697861666,0.16684242041012948,0.2782122001516331,0.9444444444444444,2,0,0,0,1,0,7,1,Cluster_A
0.16129032258064516,0.7041548097946255,0.7058311274651288,0.1748518858008546,0.009421933697861666,0.16684242041012948,0.452596893587031,0.0,2,0,0,0,1,0,7,1,Cluster_A
0.6451612903225806,0.43613187533340514,0.5945194964826086,0.2191299874851585,0.3708578512512161,0.0015991106062563248,0.01296625901509379,0.3333333333333333,2,1,0,0,0,0,10,7,Cluster_B
0.1935483870967742,0.7278480575915985,0.5512059468627752,0.0,0.030116597518429725,0.18731230619365402,0.09336928430698752,0.3888888888888889,2,0,0,0,1,0,6,1,Cluster_A
0.1935483870967742,0.7278480575915985,0.5512059468627752,0.0,0.030116597518429725,0.18731230619365402,0.08688545223614515,0.6666666666666666,2,0,0,0,1,0,6,1,Cluster_A
0.1935483870967742,0.7278480575915985,0.5512059468627752,0.0,0.030116597518429725,0.18731230619365402,0.0,0.2777777777777778,2,0,0,0,1,0,6,1,Cluster_A
0.2903225806451613,0.1632422591259419,0.6965381967891028,0.5349367009204639,0.05988262451635432,0.45349640001913566,0.10570289449136457,0.5,2,0,0,0,1,0,1,9,Cluster_C
0.2903225806451613,0.1632422591259419,0.6965381967891028,0.5349367009204639,0.05988262451635432,0.45349640001913566,0.2747231665211351,0.9444444444444444,2,0,0,0,1,0,1,9,Cluster_C
0.2903225806451613,0.1632422591259419,0.6965381967891028,0.5349367009204639,0.05988262451635432,0.45349640001913566,0.13602450293989993,0.6111111111111112,2,0,0,0,1,0,1,9,Cluster_C
0.5,0.10257642838952924,0.8330948888925153,0.0,0.03749136817245251,0.17568785824523211,0.016190774013543286,0.5555555555555556,0,0,0,0,0,1,0,0,Cluster_A
0.5,0.10257642838952924,0.8330948888925153,0.0,0.03749136817245251,0.17568785824523211,0.023217684171161903,0.1111111111111111,0,0,0,0,0,1,0,0,Cluster_A
0.5,0.10257642838952924,0.8330948888925153,0.0,0.03749136817245251,0.17568785824523211,0.16626880566283772,0.8888888888888888,0,0,0,0,0,1,0,0,Cluster_A
0.11290322580645161,0.4118036000395212,0.7028740130036261,0.12676225270943905,0.06790489968889733,0.38370347342280836,0.49325572201731877,0.6666666666666666,0,1,0,0,0,0,2,11,Cluster_C
0.3870967741935484,0.4942999371950454,0.13182515373367096,0.22096000084025633,0.0064722950946865644,0.23860684545623073,0.025509161692721206,1.0,1,1,0,0,0,0,7,6,Cluster_B
0.3870967741935484,0.4942999371950454,0.13182515373367096,0.22096000084025633,0.0064722950946865644,0.23860684545623073,0.168727852562124,0.6111111111111112,1,1,0,0,0,0,7,6,Cluster_B
0.3870967741935484,0.4942999371950454,0.13182515373367096,0.22096000084025633,0.0064722950946865644,0.23860684545623073,0.018318377784862512,0.8333333333333334,1,1,0,0,0,0,7,6,Cluster_B
0.3870967741935484,0.4942999371950454,0.13182515373367096,0.22096000084025633,0.0064722950946865644,0.23860684545623073,0.0017226669736837006,0.3888888888888889,1,1,0,0,0,0,7,6,Cluster_B
0.5967741935483871,0.41609210856954226,0.2440846066528597,0.38918004533546774,0.1170970372109835,0.023551267169162043,,,0,0,0,0,1,0,8,5,Cluster_B
0.03225806451612903,0.03425820665203513,0.3750362844608642,0.22456568404248822,0.006146398834208049,0.431647900909973,0.0,0.8888888888888888,0,0,1,0,0,0,3,11,Cluster_C
0.3870967741935484,0.4055035265676392,0.5052182100421668,0.30029983570966745,0.2644506215909361,0.012469157061342247,0.02862371433906609,0.3888888888888889,2,0,0,0,0,1,8,4,Cluster_B
0.4032258064516129,0.17743510006733323,0.6035318040938246,0.051313672237193166,0.03902748173478313,0.14140460538391852,0.5752016403434176,0.05555555555555555,0,0,0,0,1,0,1,1,Cluster_A
0.5,0.547896013023494,0.3548512373693069,0.3144388764168118,0.12456223873998792,0.028161770069107313,0.18100883105812604,1.0,2,0,0,1,0,0,8,5,Cluster_B
0.11290322580645161,0.4910221001650364,0.5373533528954156,0.0,0.34987533237258245,0.0018947163491347396,0.1985800258391332,0.5,1,0,0,1,0,0,4,1,Cluster_A
0.11290322580645161,0.4910221001650364,0.5373533528954156,0.0,0.34987533237258245,0.0018947163491347396,0.09538638761440028,0.05555555555555555,1,0,0,1,0,0,4,1,Cluster_A
0.0967741935483871,0.24585278987548395,0.3489234135293355,0.43145868664521714,0.17078190621401074,0.10145540243477574,0.06929190744571384,0.5555555555555556,1,0,0,0,0,1,2,5,Cluster_B
0.45161290322580644,0.3257969440616153,0.3776964394016103,0.1296217274921923,0.12201155853207794,0.06459318917968959,0.0,0.1111111111111111,0,0,1,0,0,0,6,8,Cluster_C
0.45161290322580644,0.3257969440616153,0.3776964394016103,0.1296217274921923,0.12201155853207794,0.06459318917968959,0.23304518388242737,0.2777777777777778,0,0,1,0,0,0,6,8,Cluster_C
0.4032258064516129,0.22345901905361604,0.21866778063035558,0.31722019510321076,0.060121124438683685,0.12322327254727714,,,1,0,0,0,1,0,3,7,Cluster_B
0.4032258064516129,0.41046534560432385,0.3153533507778192,0.09008158040035441,0.062285156629695,0.15947255218027817,,,0,1,0,0,0,0,6,7,Cluster_B
0.41935483870967744,0.601466318296273,0.22966307887673326,0.1789597934593287,0.17996242746978816,0.008009568988101035,0.5246640937413303,0.2222222222222222,1,0,0,0,0,1,7,4,Cluster_B
0.20967741935483872,0.23724943362562284,0.30482534940453343,0.12015127185353854,0.855781565593403,0.0240679228132721,0.003397367239810663,0.6666666666666666,2,0,1,0,0,0,9,10,Cluster_C
0.3870967741935484,0.5168151839966187,0.710728359321568,0.237635414135225,0.17612855759193818,0.15150051206518364,0.11537999601324032,0.3333333333333333,2,1,0,0,0,0,9,3,Cluster_A
0.3870967741935484,0.5168151839966187,0.710728359321568,0.237635414135225,0.17612855759193818,0.15150051206518364,0.1119449053005921,0.8888888888888888,2,1,0,0,0,0,9,3,Cluster_A
0.3870967741935484,0.5168151839966187,0.710728359321568,0.237635414135225,0.17612855759193818,0.15150051206518364,0.34193619356164034,0.5,2,1,0,0,0,0,9,3,Cluster_A
0.3870967741935484,0.5168151839966187,0.710728359321568,0.237635414135225,0.17612855759193818,0.15150051206518364,0.29802636715665853,0.7222222222222222,2,1,0,0,0,0,9,3,Cluster_A
0.4032258064516129,0.3227211197703795,0.3101202222336114,0.0,0.13116572809519242,0.07771616139981143,4.208745055932903e-05,0.8888888888888888,2,0,0,1,0,0,6,8,Cluster_C
0.4032258064516129,0.3227211197703795,0.3101202222336114,0.0,0.13116572809519242,0.07771616139981143,0.1879243691917605,0.2222222222222222,2,0,0,1,0,0,6,8,Cluster_C
0.20967741935483872,0.2734396245878983,1.0,0.0,0.2142590264010298,0.24213670993710198,0.1466051065632087,0.05555555555555555,2,0,0,1,0,0,9,0,Cluster_A
0.20967741935483872,0.2734396245878983,1.0,0.0,0.2142590264010298,0.24213670993710198,0.26094825347094686,0.3888888888888889,2,0,0,1,0,0,9,0,Cluster_A
0.20967741935483872,0.2734396245878983,1.0,0.0,0.2142590264010298,0.24213670993710198,0.07732337922649599,0.6111111111111112,2,0,0,1,0,0,9,0,Cluster_A
0.20967741935483872,0.2734396245878983,1.0,0.0,0.2142590264010298,0.24213670993710198,0.0672533614992407,0.6111111111111112,2,0,0,1,0,0,9,0,Cluster_A
0.7096774193548387,0.4021425355667988,0.5986635801761778,0.0242401015599827,0.09930831195235904,0.19576130259821609,0.010095501559628971,0.2777777777777778,0,1,0,0,0,0,11,5,Cluster_B
0.7096774193548387,0.4021425355667988,0.5986635801761778,0.0242401015599827,0.09930831195235904,0.19576130259821609,0.03948894843547781,0.6666666666666666,0,1,0,0,0,0,11,5,Cluster_B
0.43548387096774194,0.22795737439899055,0.5369672247389748,0.0014782385893413856,0.004808968181544841,0.34642893377399303,0.0,1.0,1,0,0,0,0,1,5,9,Cluster_C
0.11290322580645161,0.31833151380703606,0.3283284439637573,0.3904901152418755,0.13288507153250742,0.21856351225122572,0.025162328915523228,0.2777777777777778,0,0,0,1,0,0,2,5,Cluster_B
0.46774193548387094,0.1974377257118922,0.6400619758817983,0.016714653416666333,0.5242240380941903,0.10400857641511019,0.7141443862781844,0.05555555555555555,2,0,0,0,1,0,8,10,Cluster_C
0.46774193548387094,0.1974377257118922,0.6400619758817983,0.016714653416666333,0.5242240380941903,0.10400857641511019,0.03538040956373278,0.0,2,0,0,0,1,0,8,10,Cluster_C
0.46774193548387094,0.1974377257118922,0.6400619758817983,0.016714653416666333,0.5242240380941903,0.10400857641511019,0.024090158051555417,0.05555555555555555,2,0,0,0,1,0,8,10,Cluster_C
0.16129032258064516,0.7909212617833301,0.38487243475244526,0.7360212709173987,0.02671606082805087,0.20713809529619637,0.07937140365090879,0.5555555555555556,0,1,0,0,0,0,0,6,Cluster_B
0.16129032258064516,0.7909212617833301,0.38487243475244526,0.7360212709173987,0.02671606082805087,0.20713809529619637,0.5328560864393248,0.2777777777777778,0,1,0,0,0,0,0,6,Cluster_B
0.5,0.4288449365100722,0.5244019629290723,0.050515129172019856,0.19070370253657956,0.05948850160803568,0.21008228395799378,0.16666666666666666,1,1,0,0,0,0,10,5,Cluster_B
0.5,0.4288449365100722,0.5244019629290723,0.050515129172019856,0.19070370253657956,0.05948850160803568,0.0,0.7222222222222222,1,1,0,0,0,0,10,5,Cluster_B
0.5,0.4288449365100722,0.5244019629290723,0.050515129172019856,0.19070370253657956,0.05948850160803568,0.023352252412818793,0.6666666666666666,1,1,0,0,0,0,10,5,Cluster_B
0.5,0.4288449365100722,0.5244019629290723,0.050515129172019856,0.19070370253657956,0.05948850160803568,0.0,0.9444444444444444,1,1,0,0,0,0,10,5,Cluster_B
0.5645161290322581,0.29091934080184756,1.0,0.007111124961141976,0.03200748777803206,0.06758483098504606,0.016186070928877003,0.8888888888888888,0,0,0,1,0,0,11,2,Cluster_A
0.5645161290322581,0.29091934080184756,1.0,0.007111124961141976,0.03200748777803206,0.06758483098504606,0.055722300110573275,0.8888888888888888,0,0,0,1,0,0,11,2,Cluster_A
0.5645161290322581,0.29091934080184756,1.0,0.007111124961141976,0.03200748777803206,0.06758483098504606,0.013258904081170374,0.6111111111111112,0,0,0,1,0,0,11,2,Cluster_A
0.1935483870967742,0.46238225235300245,0.48078802005507,0.28811305467469256,0.12304459654074523,0.28844982700552113,0.04990511577559562,0.9444444444444444,1,0,0,0,0,1,6,3,Cluster_A
0.1935483870967742,0.46238225235300245,0.48078802005507,0.28811305467469256,0.12304459654074523,0.28844982700552113,0.11330452526708955,0.7222222222222222,1,0,0,0,0,1,6,3,Cluster_A
0.532258064516129,0.4011483887793784,0.7298546652571352,0.18793438731203835,0.011453824084194562,0.1094555637189524,0.04455942380306188,0.16666666666666666,0,0,0,0,1,0,10,3,Cluster_A
0.41935483870967744,0.38076107786973795,0.35936471497482253,0.10818174663243454,0.09472262421998,0.2969024429217172,1.0,0.8888888888888888,1,0,0,0,0,1,5,8,Cluster_C
0.5,0.5374799705594661,0.4930023019006077,0.13320654464461118,0.23093687014678044,0.32046733180420667,,,1,0,1,0,0,0,9,7,Cluster_B
0.7096774193548387,0.5643788664357715,0.854160127127102,0.22830047028875164,0.06598666393610964,0.36138979470392496,0.047811198541653166,0.3888888888888889,2,0,1,0,0,0,10,2,Cluster_A
0.3064516129032258,0.3226754198857619,0.3746065884424465,0.019177919797249667,0.17765831388984724,0.46080455515140323,0.0635717024599335,0.05555555555555555,1,0,0,1,0,0,5,10,Cluster_C
0.3064516129032258,0.3226754198857619,0.3746065884424465,0.019177919797249667,0.17765831388984724,0.46080455515140323,0.027490087385067044,0.6666666666666666,1,0,0,1,0,0,5,10,Cluster_C
0.3064516129032258,0.3226754198857619,0.3746065884424465,0.019177919797249667,0.17765831388984724,0.46080455515140323,0.2762111514809905,1.0,1,0,0,1,0,0,5,10,Cluster_C
0.3064516129032258,0.3226754198857619,0.3746065884424465,0.019177919797249667,0.17765831388984724,0.46080455515140323,0.0499613500343339,0.6666666666666666,1,0,0,1,0,0,5,10,Cluster_C
0.1935483870967742,0.31417136534540735,0.8624897115993858,1.0,0.26038144853346645,0.10435207150916585,0.0972774844888373,0.05555555555555555,2,0,0,1,0,0,0,8,Cluster_C
0.1935483870967742,0.31417136534540735,0.8624897115993858,1.0,0.26038144853346645,0.10435207150916585,0.46438605959156753,0.1111111111111111,2,0,0,1,0,0,0,8,Cluster_C
0.1774193548387097,0.37061221180153653,0.641550387091095,0.7270289609427782,0.4334750881627166,0.07097406366562403,0.2371406483182962,0.05555555555555555,2,0,0,1,0,0,0,8,Cluster_C
0.1774193548387097,0.37061221180153653,0.641550387091095,0.7270289609427782,0.4334750881627166,0.07097406366562403,0.1668678815039001,0.8888888888888888,2,0,0,1,0,0,0,8,Cluster_C
0.1774193548387097,0.37061221180153653,0.641550387091095,0.7270289609427782,0.4334750881627166,0.07097406366562403,0.0,0.16666666666666666,2,0,0,1,0,0,0,8,Cluster_C
0.1935483870967742,0.0,0.3875066448211464,0.18291443244121866,0.03923100911433893,0.16167985776605315,,,2,0,1,0,0,0,3,6,Cluster_B
0.3387096774193548,0.13789179458387205,0.6264815478111042,0.011566574855633106,0.07983566473427957,0.08580256911261178,0.10845232501476634,0.2777777777777778,0,0,0,0,0,1,1,1,Cluster_A
0.3387096774193548,0.13789179458387205,0.6264815478111042,0.011566574855633106,0.07983566473427957,0.08580256911261178,0.18412461081987153,0.2777777777777778,0,0,0,0,0,1,1,1,Cluster_A
0.3387096774193548,0.13789179458387205,0.6264815478111042,0.011566574855633106,0.07983566473427957,0.08580256911261178,0.0,0.5555555555555556,0,0,0,0,0,1,1,1,Cluster_A
0.3387096774193548,0.13789179458387205,0.6264815478111042,0.011566574855633106,0.07983566473427957,0.08580256911261178,0.2404545553090851,0.05555555555555555,0,0,0,0,0,1,1,1,Cluster_A
0.41935483870967744,0.6787305622797372,0.6945108899253459,0.20140988867766246,0.022128270165765834,0.17025958502311167,0.04964541214351462,1.0,0,0,0,0,0,1,8,1,Cluster_A
0.4032258064516129,0.7309166508887213,0.6243619924434393,0.0,0.814076250622579,0.22663856976682317,0.004464131508576521,1.0,0,0,0,1,0,0,10,10,Cluster_C
0.4032258064516129,0.7309166508887213,0.6243619924434393,0.0,0.814076250622579,0.22663856976682317,0.10808472104893058,0.7777777777777778,0,0,0,1,0,0,10,10,Cluster_C
0.4032258064516129,0.7309166508887213,0.6243619924434393,0.0,0.814076250622579,0.22663856976682317,0.024731741723145306,0.8888888888888888,0,0,0,1,0,0,10,10,Cluster_C
0.4032258064516129,0.7309166508887213,0.6243619924434393,0.0,0.814076250622579,0.22663856976682317,0.07920498272857839,0.8888888888888888,0,0,0,1,0,0,10,10,Cluster_C
0.5,0.3754942233402422,0.18595505602190873,0.0,0.43306856376959313,0.2161126947288797,,,0,0,0,0,1,0,9,8,Cluster_C
0.3548387096774194,0.5304222527497556,0.3545725648350263,0.02716801789080618,0.12454227912834458,0.08680294019115169,0.06689823062830381,0.8888888888888888,1,0,0,0,0,1,6,7,Cluster_B
0.6290322580645161,0.4806356618972688,0.450496272889699,0.0940114417669184,0.303693462356755,0.03358884306218687,0.22267602165325953,0.3333333333333333,1,0,1,0,0,0,10,7,Cluster_B
0.2903225806451613,1.0,0.48511331417999076,0.3849006741774153,0.11775982491032731,0.10420344320985463,0.14136743432149185,0.05555555555555555,0,1,0,0,0,0,7,2,Cluster_A
0.2903225806451613,1.0,0.48511331417999076,0.3849006741774153,0.11775982491032731,0.10420344320985463,0.07667594549663453,0.0,0,1,0,0,0,0,7,2,Cluster_A
0.8709677419354839,0.6323231899066186,0.6241344195101356,0.23425578872094255,0.15816729306509456,0.028260666311866786,,,1,1,0,0,0,0,11,6,Cluster_B
0.46774193548387094,0.3982229073602404,0.5355402001866508,0.2463871527067563,0.010058488191567901,0.4095136111687313,0.07717379500970642,0.8333333333333334,1,1,0,0,0,0,2,9,Cluster_C
0.46774193548387094,0.3982229073602404,0.5355402001866508,0.2463871527067563,0.010058488191567901,0.4095136111687313,0.04592495508230054,0.1111111111111111,1,1,0,0,0,0,2,9,Cluster_C
0.46774193548387094,0.3982229073602404,0.5355402001866508,0.2463871527067563,0.010058488191567901,0.4095136111687313,0.07944468695568256,0.0,1,1,0,0,0,0,2,9,Cluster_C
0.46774193548387094,0.3982229073602404,0.5355402001866508,0.2463871527067563,0.010058488191567901,0.4095136111687313,0.23288021407884643,1.0,1,1,0,0,0,0,2,9,Cluster_C
0.46774193548387094,0.3982229073602404,0.5355402001866508,0.2463871527067563,0.010058488191567901,0.4095136111687313,0.4757677226300926,0.1111111111111111,1,1,0,0,0,0,2,9,Cluster_C
0.1774193548387097,0.2429139637249306,0.23293112825797976,0.0801883267739477,0.23032426287526347,0.07848348008520635,0.26382642560178876,0.0,2,0,0,0,1,0,4,6,Cluster_B
0.14516129032258066,0.12076713720474151,0.5760395702011927,0.053354868832306744,0.017313519870766556,0.030846927696070035,0.03349523668055103,0.3333333333333333,2,0,0,1,0,0,1,2,Cluster_A
0.43548387096774194,0.4604088032846141,0.6221171490567646,0.06145220356150973,0.28755677121821327,0.004493202920662346,0.007140221060108318,1.0,2,0,1,0,0,0,3,1,Cluster_A
0.43548387096774194,0.4604088032846141,0.6221171490567646,0.06145220356150973,0.28755677121821327,0.004493202920662346,0.18774314707354683,0.5555555555555556,2,0,1,0,0,0,3,1,Cluster_A
0.43548387096774194,0.4604088032846141,0.6221171490567646,0.06145220356150973,0.28755677121821327,0.004493202920662346,0.23626109939601905,0.3888888888888889,2,0,1,0,0,0,3,1,Cluster_A
0.3064516129032258,0.28029323762425884,0.611958089586208,0.8746339085896215,0.2497300112321785,0.19234011433368142,0.0077071003245383195,0.7777777777777778,2,0,0,0,1,0,0,8,Cluster_C
0.4838709677419355,0.15533210821472235,0.7161561451109243,0.0,0.2011544808536775,0.18772395070233822,0.11769005053873917,0.4444444444444444,1,0,1,0,0,0,1,0,Cluster_A
0.4838709677419355,0.15533210821472235,0.7161561451109243,0.0,0.2011544808536775,0.18772395070233822,0.02268382680883882,0.2222222222222222,1,0,1,0,0,0,1,0,Cluster_A
0.43548387096774194,0.3008937849038291,0.6667844309097808,0.38296061898394596,0.0005860952041709145,0.07699334839029542,0.0,0.9444444444444444,0,0,1,0,0,0,0,3,Cluster_A
0.43548387096774194,0.3008937849038291,0.6667844309097808,0.38296061898394596,0.0005860952041709145,0.07699334839029542,0.09574874810477733,0.5,0,0,1,0,0,0,0,3,Cluster_A
0.43548387096774194,0.3008937849038291,0.6667844309097808,0.38296061898394596,0.0005860952041709145,0.07699334839029542,0.09085114955146603,0.0,0,0,1,0,0,0,0,3,Cluster_A
0.3387096774193548,0.2192678047014382,0.5918360158456873,0.14434863614193016,0.05494201788573466,0.013519385354992019,0.004837625699959622,0.16666666666666666,1,0,0,1,0,0,0,2,Cluster_A
0.3387096774193548,0.2192678047014382,0.5918360158456873,0.14434863614193016,0.05494201788573466,0.013519385354992019,0.13092178401168117,0.3888888888888889,1,0,0,1,0,0,0,2,Cluster_A
0.3387096774193548,0.2192678047014382,0.5918360158456873,0.14434863614193016,0.05494201788573466,0.013519385354992019,0.36704023322196927,0.6111111111111112,1,0,0,1,0,0,0,2,Cluster_A
0.3387096774193548,0.2192678047014382,0.5918360158456873,0.14434863614193016,0.05494201788573466,0.013519385354992019,0.10784861283848568,0.9444444444444444,1,0,0,1,0,0,0,2,Cluster_A
0.3387096774193548,0.2192678047014382,0.5918360158456873,0.14434863614193016,0.05494201788573466,0.013519385354992019,0.16520743571954116,1.0,1,0,0,1,0,0,0,2,Cluster_A
0.3387096774193548,0.2192678047014382,0.5918360158456873,0.14434863614193016,0.05494201788573466,0.013519385354992019,0.04123746852160375,0.2777777777777778,1,0,0,1,0,0,0,2,Cluster_A
0.3387096774193548,0.2192678047014382,0.5918360158456873,0.14434863614193016,0.05494201788573466,0.013519385354992019,0.0,0.1111111111111111,1,0,0,1,0,0,0,2,Cluster_A
0.1774193548387097,0.7388308683552413,0.4859668577082706,0.08496877538648129,0.045584380868010185,0.09751414977606705,0.027159795181959146,0.2222222222222222,1,1,0,0,0,0,6,1,Cluster_A
0.1774193548387097,0.7388308683552413,0.4859668577082706,0.08496877538648129,0.045584380868010185,0.09751414977606705,0.0226761707831602,0.7222222222222222,1,1,0,0,0,0,6,1,Cluster_A
0.04838709677419355,0.5876730723608107,0.16780781329680175,0.23281135879080078,0.06924585396975146,0.06890148910980136,0.0,0.7222222222222222,1,0,0,1,0,0,6,4,Cluster_B
0.25806451612903225,0.4207313766759427,0.5859236438265172,0.10348295936535463,0.00978608501213033,0.20951053751117335,0.07100701668500242,0.7222222222222222,2,0,0,0,1,0,4,3,Cluster_A
0.25806451612903225,0.4207313766759427,0.5859236438265172,0.10348295936535463,0.00978608501213033,0.20951053751117335,0.14920920320798536,0.2777777777777778,2,0,0,0,1,0,4,3,Cluster_A
0.5161290322580645,0.6999488772523851,0.5415375374326222,0.39315303612436553,0.4576454694232526,0.17246147374101786,,,2,0,0,0,1,0,10,8,Cluster_C
0.3870967741935484,0.4367461745353406,0.5543157674390747,0.44337140957662924,0.1296636344295835,0.0838710778536932,0.007918516896634054,0.6666666666666666,2,0,0,0,1,0,0,4,Cluster_B
0.11290322580645161,0.26060177522985434,0.2446502848359381,0.0788342140732465,0.05551923831524058,0.04531964274866078,0.1015659819734252,0.7222222222222222,0,0,0,1,0,0,4,6,Cluster_B
0.11290322580645161,0.26060177522985434,0.2446502848359381,0.0788342140732465,0.05551923831524058,0.04531964274866078,0.1105030517548961,0.8888888888888888,0,0,0,1,0,0,4,6,Cluster_B
0.3870967741935484,0.7080518804779629,0.28378869191834755,0.0325740497417535,0.07918560297875962,0.8210875594881809,0.06697392533815591,0.0,1,0,1,0,0,0,0,11,Cluster_C
0.3870967741935484,0.7080518804779629,0.28378869191834755,0.0325740497417535,0.07918560297875962,0.8210875594881809,0.16292844585670616,0.9444444444444444,1,0,1,0,0,0,0,11,Cluster_C
0.41935483870967744,0.5233575574179753,0.7106305706665808,0.15117526660846398,0.09375926294569221,0.11201501434547571,,,0,0,1,0,0,0,9,3,Cluster_A
0.1774193548387097,0.227581341986349,0.49208896922866896,0.46921847024626184,0.14823089445041207,0.216034816648824,0.12698346914296105,0.8888888888888888,2,0,0,0,0,1,2,5,Cluster_B
0.3709677419354839,0.386509174430842,0.6363001394745249,0.014460875644832668,0.11592317073387257,0.027819376242424844,0.13286501943575252,0.0,0,0,0,0,1,0,2,1,Cluster_A
0.3548387096774194,0.25791189482687177,0.5056636752260922,0.16732857745508461,0.41645090165100224,0.12307500895293169,0.22762266429941758,1.0,1,0,1,0,0,0,7,10,Cluster_C
0.3548387096774194,0.25791189482687177,0.5056636752260922,0.16732857745508461,0.41645090165100224,0.12307500895293169,0.17549983650031062,0.1111111111111111,1,0,1,0,0,0,7,10,Cluster_C
0.12903225806451613,0.16273591026087375,0.505951227899149,0.17209889659838828,0.10956857758448986,0.0048914360097039615,,,1,0,0,0,0,1,3,5,Cluster_B
0.41935483870967744,0.5960308856021058,0.6876567611951995,0.23881310657797017,0.806971496987749,0.13038401699425084,0.1843348039470177,0.7777777777777778,2,0,1,0,0,0,10,11,Cluster_C
0.41935483870967744,0.5960308856021058,0.6876567611951995,0.23881310657797017,0.806971496987749,0.13038401699425084,0.07052491485360309,0.4444444444444444,2,0,1,0,0,0,10,11,Cluster_C
0.45161290322580644,0.7805422545519237,0.3967910543565253,0.0,0.313966220110885,0.6167325921535515,0.1064968913953756,0.9444444444444444,2,0,0,0,1,0,0,11,Cluster_C
0.5483870967741935,0.1597769694585599,0.5192241553881967,0.22582722257802273,0.03360424868817294,0.08968982059584346,0.23125988312882387,0.8888888888888888,0,1,0,0,0,0,6,9,Cluster_C
0.5483870967741935,0.5278724253369083,0.4075449422589915,0.46150066337018864,0.4415306358528806,0.007091334018970784,0.16213942474985404,0.5555555555555556,2,0,0,0,1,0,10,8,Cluster_C
0.5483870967741935,0.5278724253369083,0.4075449422589915,0.46150066337018864,0.4415306358528806,0.007091334018970784,0.12948779639745983,0.5555555555555556,2,0,0,0,1,0,10,8,Cluster_C
0.08064516129032258,0.3001300814123112,0.4131007545135369,0.006496116023478185,0.015147393213956922,0.005545087081090439,0.05345304854734747,0.7777777777777778,2,0,0,1,0,0,4,4,Cluster_B
0.08064516129032258,0.3001300814123112,0.4131007545135369,0.006496116023478185,0.015147393213956922,0.005545087081090439,0.40785268486768744,0.3888888888888889,2,0,0,1,0,0,4,4,Cluster_B
0.16129032258064516,0.3308151710652231,0.43816557530627215,0.02162957069389558,0.27945188391241216,0.09083255447282218,0.25295852509250255,0.4444444444444444,1,0,1,0,0,0,4,5,Cluster_B
0.16129032258064516,0.3308151710652231,0.43816557530627215,0.02162957069389558,0.27945188391241216,0.09083255447282218,0.049105111579853346,0.7777777777777778,1,0,1,0,0,0,4,5,Cluster_B
0.45161290322580644,0.31106082784419514,0.5444267543267426,0.7008642149368645,0.07469971262577048,0.0320724614704946,,,2,0,1,0,0,0,1,8,Cluster_C
0.45161290322580644,0.2600938696397616,0.4042502756673045,0.006822700983825774,0.3469592907670228,0.0040945486820826915,0.12422664970850365,1.0,2,0,0,1,0,0,8,9,Cluster_C
0.45161290322580644,0.2600938696397616,0.4042502756673045,0.006822700983825774,0.3469592907670228,0.0040945486820826915,0.28038207545953203,0.5,2,0,0,1,0,0,8,9,Cluster_C
0.45161290322580644,0.43133290282976583,0.7511512251147042,0.36416340022551547,0.33386305907636205,0.26165782799996345,0.16325402110762302,0.2222222222222222,1,0,0,1,0,0,9,2,Cluster_A
0.45161290322580644,0.43133290282976583,0.7511512251147042,0.36416340022551547,0.33386305907636205,0.26165782799996345,0.2547320761953093,0.6111111111111112,1,0,0,1,0,0,9,2,Cluster_A
1.0,0.26629416843727893,0.3210785395560993,0.10575605708004464,0.2691920656464996,0.11355824660437151,0.0,0.8333333333333334,1,1,0,0,0,0,11,7,Cluster_B
1.0,0.26629416843727893,0.3210785395560993,0.10575605708004464,0.2691920656464996,0.11355824660437151,0.5105405054656792,0.0,1,1,0,0,0,0,11,7,Cluster_B
0.45161290322580644,0.47298052187256207,0.46262567116772824,0.024275235171249056,0.25599877545769745,0.06307359797875899,0.1240352601137459,0.9444444444444444,0,0,1,0,0,0,10,5,Cluster_B
0.5645161290322581,0.41279997988706013,0.41205378834516504,0.38882882794721013,0.05531539713828829,0.42719255328021993,0.38674470629464036,0.5555555555555556,2,0,1,0,0,0,2,8,Cluster_C
0.532258064516129,0.37738730240366625,0.7893955768707466,0.08744910183999084,0.008555530033645162,0.022620975004919164,0.15437640432398778,0.3888888888888889,1,1,0,0,0,0,11,3,Cluster_A
0.46774193548387094,0.2519171259804466,0.539310955302315,0.11515100740023133,0.08086116727524575,0.5790589993821232,0.0792885908659489,0.5555555555555556,0,0,0,0,0,1,3,9,Cluster_C
0.46774193548387094,0.2519171259804466,0.539310955302315,0.11515100740023133,0.08086116727524575,0.5790589993821232,0.365003556271225,0.7777777777777778,0,0,0,0,0,1,3,9,Cluster_C
0.46774193548387094,0.2519171259804466,0.539310955302315,0.11515100740023133,0.08086116727524575,0.5790589993821232,0.11427795107357763,0.6666666666666666,0,0,0,0,0,1,3,9,Cluster_C
0.46774193548387094,0.2519171259804466,0.539310955302315,0.11515100740023133,0.08086116727524575,0.5790589993821232,0.026127817938565893,0.8333333333333334,0,0,0,0,0,1,3,9,Cluster_C
0.2903225806451613,0.31399251166901426,0.706368907893727,0.0576048191402361,0.026355031849160486,0.06964372577036239,0.10860851934029701,0.8333333333333334,0,1,0,0,0,0,2,2,Cluster_A
0.5,0.5639816940655074,0.20288792539260558,0.15148027779691284,0.19339941077834757,0.40667593636013166,0.17512300618950583,0.7222222222222222,2,0,0,0,1,0,8,7,Cluster_B
0.5,0.5639816940655074,0.20288792539260558,0.15148027779691284,0.19339941077834757,0.40667593636013166,0.005380326461027888,0.3888888888888889,2,0,0,0,1,0,8,7,Cluster_B
0.5,0.5639816940655074,0.20288792539260558,0.15148027779691284,0.19339941077834757,0.40667593636013166,0.06024435581285417,0.9444444444444444,2,0,0,0,1,0,8,7,Cluster_B
0.1935483870967742,0.5162279447608494,0.5534100531738517,0.0024601305415789016,0.06560900997985024,0.17113098057135415,0.0,0.8333333333333334,2,0,1,0,0,0,4,3,Cluster_A
0.1935483870967742,0.5162279447608494,0.5534100531738517,0.0024601305415789016,0.06560900997985024,0.17113098057135415,0.35718785752471927,0.5555555555555556,2,0,1,0,0,0,4,3,Cluster_A
0.3064516129032258,0.23878273899136274,0.6779261591246873,0.06815260131658073,0.6168028439319133,0.32500049039469764,0.03407515269268652,0.6666666666666666,0,0,0,1,0,0,7,11,Cluster_C
0.3064516129032258,0.23878273899136274,0.6779261591246873,0.06815260131658073,0.6168028439319133,0.32500049039469764,0.05994897729021685,0.5555555555555556,0,0,0,1,0,0,7,11,Cluster_C
0.25806451612903225,0.4408678651062308,0.5164567978550848,0.6869982155492023,0.16609303595577501,0.7672933123501219,,,1,0,0,0,1,0,0,9,Cluster_C
0.3548387096774194,0.5632302975532015,0.7130960750130703,0.027293630432553,0.2841355042586488,0.06285456727134511,,,0,0,1,0,0,0,3,1,Cluster_A
0.7903225806451613,0.10895246858541274,0.3965423099799256,0.18674290714146952,0.018240481916183146,0.6024338316614417,0.712690430844163,0.6666666666666666,2,1,0,0,0,0,4,9,Cluster_C
0.7903225806451613,0.10895246858541274,0.3965423099799256,0.18674290714146952,0.018240481916183146,0.6024338316614417,0.5614596108854628,0.7777777777777778,2,1,0,0,0,0,4,9,Cluster_C
0.7903225806451613,0.10895246858541274,0.3965423099799256,0.18674290714146952,0.018240481916183146,0.6024338316614417,0.01151965047714208,0.2222222222222222,2,1,0,0,0,0,4,9,Cluster_C
0.0,0.5241926574803027,0.781869488037116,0.04689466297701939,0.32635863854800856,0.09128649303894551,0.20634394274054707,0.16666666666666666,1,0,0,0,1,0,4,0,Cluster_A
0.0,0.5241926574803027,0.781869488037116,0.04689466297701939,0.32635863854800856,0.09128649303894551,0.04189016332287821,0.3333333333333333,1,0,0,0,1,0,4,0,Cluster_A
0.0,0.5241926574803027,0.781869488037116,0.04689466297701939,0.32635863854800856,0.09128649303894551,0.08711609342402638,0.3888888888888889,1,0,0,0,1,0,4,0,Cluster_A
0.4838709677419355,0.29788173128877127,0.95977962472385,0.27273621187044794,0.42359800814795523,0.09008359411249459,0.47455456905087534,0.8333333333333334,1,0,1,0,0,0,9,1,Cluster_A
0.03225806451612903,0.5293041390825944,0.42743228791206817,0.0,0.10630169953322616,0.07693226638854314,0.45131146647216086,0.9444444444444444,0,0,0,0,0,1,5,4,Cluster_B
0.03225806451612903,0.5293041390825944,0.42743228791206817,0.0,0.10630169953322616,0.07693226638854314,0.1887764746925545,0.8888888888888888,0,0,0,0,0,1,5,4,Cluster_B
0.25806451612903225,0.2789968282079979,0.41089949571984563,0.6897814733291862,0.1506223267863113,0.14439137040376215,0.0,0.1111111111111111,2,0,0,0,0,1,2,6,Cluster_B
0.5645161290322581,0.08352934046286427,0.7906768954235401,0.09063812182718711,0.23698783256958175,0.03077786656188546,0.05166777136761559,0.3888888888888889,0,0,0,1,0,0,1,0,Cluster_A
0.5645161290322581,0.08352934046286427,0.7906768954235401,0.09063812182718711,0.23698783256958175,0.03077786656188546,0.23716682745076414,0.16666666666666666,0,0,0,1,0,0,1,0,Cluster_A
0.3548387096774194,0.11680831012943567,0.8159144291461424,0.021224871068493842,0.026621727673951837,0.1494386089541183,0.22917360996293493,0.1111111111111111,0,0,1,0,0,0,0,0,Cluster_A
0.3548387096774194,0.11680831012943567,0.8159144291461424,0.021224871068493842,0.026621727673951837,0.1494386089541183,0.14635476072290265,0.3888888888888889,0,0,1,0,0,0,0,0,Cluster_A
0.14516129032258066,0.43125095667650376,0.3954279945693463,0.0,0.11144567847202141,0.14451168452425994,0.3085321983795857,0.3888888888888889,0,0,0,0,0,1,5,5,Cluster_B
0.14516129032258066,0.43125095667650376,0.3954279945693463,0.0,0.11144567847202141,0.14451168452425994,0.08848890355793283,0.4444444444444444,0,0,0,0,0,1,5,5,Cluster_B
0.14516129032258066,0.43125095667650376,0.3954279945693463,0.0,0.11144567847202141,0.14451168452425994,0.08293427246029082,0.6666666666666666,0,0,0,0,0,1,5,5,Cluster_B
0.14516129032258066,0.43125095667650376,0.3954279945693463,0.0,0.11144567847202141,0.14451168452425994,0.0,0.3888888888888889,0,0,0,0,0,1,5,5,Cluster_B
0.20967741935483872,0.470966154420146,0.4159626365808285,0.004007849676812536,0.07965360039154767,0.26603938410184275,0.28164825859036935,0.3333333333333333,1,1,0,0,0,0,5,5,Cluster_B
0.4838709677419355,0.2525264541027865,0.44364307822789856,0.11727551974405134,0.020937783974066093,0.33258865940530735,0.12128595643636901,0.6666666666666666,1,0,1,0,0,0,5,9,Cluster_C
0.20967741935483872,0.5420636269803778,0.2311098977931446,0.05054863720106896,0.07119488532794382,0.10746214205374328,0.16192350141431444,0.7777777777777778,2,1,0,0,0,0,6,6,Cluster_B
0.3870967741935484,0.11043218245701984,0.31626961070316034,0.33077445878389466,0.006247044028621823,0.06652301187175187,0.1810913309791755,0.0,2,1,0,0,0,0,3,7,Cluster_B
0.3548387096774194,0.4098271813262359,0.29917184664958646,0.08214010841770877,0.0,0.0554236346899173,0.019477766120710213,0.1111111111111111,0,0,0,0,0,1,6,7,Cluster_B
0.3548387096774194,0.4098271813262359,0.29917184664958646,0.08214010841770877,0.0,0.0554236346899173,0.20915921055418935,0.6666666666666666,0,0,0,0,0,1,6,7,Cluster_B
0.3548387096774194,0.4098271813262359,0.29917184664958646,0.08214010841770877,0.0,0.0554236346899173,0.214942461879539,0.9444444444444444,0,0,0,0,0,1,6,7,Cluster_B
0.22580645161290322,0.1949722348056663,0.3464404869791743,0.02468329040879676,0.018751625529926864,0.03987874234884854,0.5367430464094896,0.5555555555555556,0,0,1,0,0,0,4,6,Cluster_B
0.7580645161290323,0.2999061059241677,0.4930630225226437,0.16415839653244163,0.5474782134039846,0.010728688624449366,0.025437766220793363,0.8888888888888888,0,0,0,0,1,0,11,8,Cluster_C
0.7580645161290323,0.2999061059241677,0.4930630225226437,0.16415839653244163,0.5474782134039846,0.010728688624449366,0.14738840210337112,0.2777777777777778,0,0,0,0,1,0,11,8,Cluster_C
0.7580645161290323,0.2999061059241677,0.4930630225226437,0.16415839653244163,0.5474782134039846,0.010728688624449366,0.18873064627335343,0.9444444444444444,0,0,0,0,1,0,11,8,Cluster_C
0.46774193548387094,0.431122172534085,0.5468429465073041,0.21934260833641617,0.12806638545666865,0.07751301507350697,0.05393716871985575,0.8333333333333334,2,0,0,0,0,1,9,4,Cluster_B
0.0,0.2607651934175776,0.8101000985628154,0.0033321271074165824,0.5602532679135375,0.058178369517503985,0.2016419033371437,1.0,1,0,0,0,0,1,8,11,Cluster_C
0.0,0.2607651934175776,0.8101000985628154,0.0033321271074165824,0.5602532679135375,0.058178369517503985,0.09094987167832584,0.3888888888888889,1,0,0,0,0,1,8,11,Cluster_C
0.3870967741935484,0.3500630850685022,0.30032919185224183,0.0034755731305022163,0.08935935044831003,0.6295430360665917,,,1,0,1,0,0,0,4,10,Cluster_C
0.22580645161290322,0.6110650484146203,0.6968644796953167,0.0,0.05704456340738057,0.15110836954635515,0.0,0.16666666666666666,0,0,1,0,0,0,7,0,Cluster_A
0.5161290322580645,0.3139698917307666,0.4572022311548982,0.2413786456806553,0.11265480024200554,0.078880991487005,0.15394394578698192,0.4444444444444444,0,1,0,0,0,0,6,9,Cluster_C
0.1935483870967742,0.5790506905632287,0.49010725806951344,0.1910474189959515,0.09144361295417011,0.1609124748223153,0.023447465334191592,0.5,0,0,1,0,0,0,6,3,Cluster_A
0.1935483870967742,0.5790506905632287,0.49010725806951344,0.1910474189959515,0.09144361295417011,0.1609124748223153,0.038516801794012484,0.2777777777777778,0,0,1,0,0,0,6,3,Cluster_A
0.1935483870967742,0.5790506905632287,0.49010725806951344,0.1910474189959515,0.09144361295417011,0.1609124748223153,0.17964869439131242,1.0,0,0,1,0,0,0,6,3,Cluster_A
0.3225806451612903,0.21023047533073608,0.6349638984333208,0.09868706957971575,0.013129804569562894,0.02752673882067892,0.015054592529716231,0.2777777777777778,0,1,0,0,0,0,1,2,Cluster_A
0.3225806451612903,0.21023047533073608,0.6349638984333208,0.09868706957971575,0.013129804569562894,0.02752673882067892,0.02976304873601461,0.7222222222222222,0,1,0,0,0,0,1,2,Cluster_A
0.3225806451612903,0.21023047533073608,0.6349638984333208,0.09868706957971575,0.013129804569562894,0.02752673882067892,0.26325755563665243,0.8888888888888888,0,1,0,0,0,0,1,2,Cluster_A
0.45161290322580644,0.521648781016948,0.2754555956875403,0.35013637738127246,0.16602500632360212,0.108660797621173,,,2,0,0,0,0,1,8,5,Cluster_B
0.5161290322580645,0.6927474554883185,0.5764819492368101,0.304454825069521,0.035205859552792845,0.18234988834861554,0.23199455081434076,0.3888888888888889,1,0,0,1,0,0,8,2,Cluster_A
0.11290322580645161,0.0,0.5332904416426112,0.14765469247639756,0.15639669572722298,0.12427235554373117,0.024254320616105725,0.6111111111111112,0,0,0,0,1,0,3,5,Cluster_B
0.27419354838709675,0.27268479006396784,0.5984902528016298,0.38489875031634535,0.17045757083652843,0.09506269015632471,,,2,0,0,0,0,1,1,4,Cluster_B
0.25806451612903225,0.5305189267312709,0.5578337287815637,0.013201072490463489,0.02205094160130387,0.9445380477908161,0.0,0.16666666666666666,0,0,1,0,0,0,0,10,Cluster_C
0.25806451612903225,0.5305189267312709,0.5578337287815637,0.013201072490463489,0.02205094160130387,0.9445380477908161,0.06031668724784235,0.2777777777777778,0,0,1,0,0,0,0,10,Cluster_C
0.22580645161290322,0.3841246759937175,0.9910600279821788,0.0,0.005024392561541573,0.3936891218732798,0.0016094500953655203,0.3888888888888889,0,0,0,0,1,0,10,0,Cluster_A
0.22580645161290322,0.3841246759937175,0.9910600279821788,0.0,0.005024392561541573,0.3936891218732798,0.13634334671440432,0.16666666666666666,0,0,0,0,1,0,10,0,Cluster_A
0.22580645161290322,0.3841246759937175,0.9910600279821788,0.0,0.005024392561541573,0.3936891218732798,0.11589996317316663,0.6666666666666666,0,0,0,0,1,0,10,0,Cluster_A
0.22580645161290322,0.3841246759937175,0.9910600279821788,0.0,0.005024392561541573,0.3936891218732798,0.2869440141001423,0.5555555555555556,0,0,0,0,1,0,10,0,Cluster_A
0.6935483870967742,0.49187549273242975,0.3724520031497368,0.030558856357539587,0.24875902121071455,0.18095080301437924,0.1861176655084712,0.16666666666666666,1,0,0,1,0,0,10,6,Cluster_B
0.41935483870967744,0.3088856501861475,0.3938006089996364,0.0,0.09762289755721558,0.15607026154733178,,,0,0,0,1,0,0,6,8,Cluster_C
0.0967741935483871,0.43847664668451125,0.3753718947150471,0.12224428472426424,0.004456519570471931,0.17960273198472498,,,1,1,0,0,0,0,5,5,Cluster_B
0.532258064516129,0.3930136251658879,0.38890457616794905,0.5362168011176481,0.8779774262687148,0.04142638664698823,0.0259615701982832,0.8333333333333334,1,0,0,0,1,0,11,9,Cluster_C
0.532258064516129,0.3930136251658879,0.38890457616794905,0.5362168011176481,0.8779774262687148,0.04142638664698823,0.22119858604894657,0.5,1,0,0,0,1,0,11,9,Cluster_C
0.532258064516129,0.3930136251658879,0.38890457616794905,0.5362168011176481,0.8779774262687148,0.04142638664698823,0.06864087343000475,0.3888888888888889,1,0,0,0,1,0,11,9,Cluster_C
0.7580645161290323,0.6413695829407321,0.37252257453869647,0.0,0.004388337668897824,0.09301378260751683,,,1,1,0,0,0,0,11,6,Cluster_B
0.5483870967741935,0.4699712628827228,0.7378033062215104,0.0,0.19344564472069573,0.007180869427375979,0.4069769689131866,0.8888888888888888,2,0,0,0,0,1,11,3,Cluster_A
0.04838709677419355,0.4855808855716007,0.784100849597971,0.09003653413143399,0.6841281694397129,0.1194864234854338,0.06580341866170561,0.7777777777777778,2,0,0,0,1,0,8,11,Cluster_C
0.25806451612903225,0.34493603815664564,0.38585074125010477,0.5274914456295161,0.0402277011660023,0.14504689674477805,0.10734294758332365,0.3333333333333333,1,0,0,0,0,1,2,6,Cluster_B
0.25806451612903225,0.34493603815664564,0.38585074125010477,0.5274914456295161,0.0402277011660023,0.14504689674477805,0.12059219911947472,0.6666666666666666,1,0,0,0,0,1,2,6,Cluster_B
0.5967741935483871,0.33072493817672716,0.33352888537915426,0.044143229873818,0.020129920877137143,0.04767352151800155,0.12697018091286671,0.6111111111111112,0,1,0,0,0,0,7,8,Cluster_C
0.5967741935483871,0.33072493817672716,0.33352888537915426,0.044143229873818,0.020129920877137143,0.04767352151800155,0.019132681261095328,0.0,0,1,0,0,0,0,7,8,Cluster_C
0.20967741935483872,0.3410550690675381,0.5942831112772808,0.1119425869871749,0.016101967490057434,0.6167916055905271,0.023854792603023197,0.5,1,0,0,0,1,0,1,10,Cluster_C
0.43548387096774194,0.4962490694448247,0.3895553911438057,0.0,0.05497732501806309,0.445470368181012,0.00047409889943972913,0.6111111111111112,0,1,0,0,0,0,5,10,Cluster_C
0.5,0.34322695232321043,0.6265863635511022,0.0,0.01226645869579243,0.23738062704239768,0.2727587160627458,0.0,1,0,0,0,1,0,11,4,Cluster_B
0.5,0.34322695232321043,0.6265863635511022,0.0,0.01226645869579243,0.23738062704239768,0.8274342042314093,0.5,1,0,0,0,1,0,11,4,Cluster_B
0.5,0.34322695232321043,0.6265863635511022,0.0,0.01226645869579243,0.23738062704239768,0.29478001549442306,0.7777777777777778,1,0,0,0,1,0,11,4,Cluster_B
0.16129032258064516,0.47660567916373714,0.54058460417026,0.8582243623172507,0.19187365417790783,0.1411734419756585,,,0,1,0,0,0,0,0,7,Cluster_B
0.3387096774193548,0.8116902880962179,0.1968511770005536,0.659821580928257,0.005192703430088339,0.3783028141348214,,,2,0,0,1,0,0,0,6,Cluster_B
0.0,0.5856998524867475,0.8095010402660122,0.0,0.11377171828513467,0.02569368414548261,0.0,0.3333333333333333,0,1,0,0,0,0,4,0,Cluster_A
0.14516129032258066,0.3610470072401358,0.8591755346191045,0.5929601652438926,0.9518793106368605,0.28979560327449727,0.09030004033741791,0.2777777777777778,1,0,0,1,0,0,11,11,Cluster_C
0.14516129032258066,0.3610470072401358,0.8591755346191045,0.5929601652438926,0.9518793106368605,0.28979560327449727,0.4302832311160997,0.1111111111111111,1,0,0,1,0,0,11,11,Cluster_C
0.14516129032258066,0.3610470072401358,0.8591755346191045,0.5929601652438926,0.9518793106368605,0.28979560327449727,0.19501093175633638,0.9444444444444444,1,0,0,1,0,0,11,11,Cluster_C
0.14516129032258066,0.3610470072401358,0.8591755346191045,0.5929601652438926,0.9518793106368605,0.28979560327449727,0.2925303287694452,0.16666666666666666,1,0,0,1,0,0,11,11,Cluster_C
0.14516129032258066,0.3610470072401358,0.8591755346191045,0.5929601652438926,0.9518793106368605,0.28979560327449727,0.22896536973800813,0.6111111111111112,1,0,0,1,0,0,11,11,Cluster_C
0.2903225806451613,0.6476432943833096,0.3774422619031228,0.17638819591072433,0.2762875044709579,0.02445293799108908,0.2594230605314214,0.9444444444444444,2,1,0,0,0,0,7,3,Cluster_A
0.2903225806451613,0.6476432943833096,0.3774422619031228,0.17638819591072433,0.2762875044709579,0.02445293799108908,0.1264545682439652,0.2222222222222222,2,1,0,0,0,0,7,3,Cluster_A
0.11290322580645161,0.34564943243915314,0.4224596880128032,0.38434508282272634,0.15448302960109614,0.29310349327839247,0.21653163553099067,0.7777777777777778,0,0,0,0,1,0,2,5,Cluster_B
0.6612903225806451,0.03975984309612763,0.557173078144981,0.09099840050179508,0.05569533515424334,0.05958748972218831,0.26559899195951653,0.8888888888888888,0,0,0,0,1,0,7,9,Cluster_C
0.06451612903225806,0.23305338094859887,0.566891357997405,0.11548332455815954,0.15830544293056262,0.38875579097852986,0.0,0.0,0,0,0,0,1,0,3,11,Cluster_C
0.25806451612903225,0.07116092339173014,0.631708854534566,0.10436251713976415,0.11990182500774317,0.5347841747452514,0.07203405072916703,0.2222222222222222,0,0,1,0,0,0,3,10,Cluster_C
0.3709677419354839,0.3562636478838854,0.9020409077532701,0.1929390145652931,0.08747561362849648,0.029607937415584405,,,0,0,0,0,0,1,11,1,Cluster_A
0.6290322580645161,0.4256838275666241,0.4646105545011901,0.0,0.017890322769890242,0.11498699850951719,0.29860564325886607,0.2777777777777778,2,0,0,0,1,0,11,5,Cluster_B
0.06451612903225806,0.7368221308394204,0.34034055109230926,0.0,0.3592521329293934,0.7351242270557894,0.08082576151082126,0.3888888888888889,2,0,0,1,0,0,0,11,Cluster_C
0.06451612903225806,0.7368221308394204,0.34034055109230926,0.0,0.3592521329293934,0.7351242270557894,0.2102293831197618,0.05555555555555555,2,0,0,1,0,0,0,11,Cluster_C
0.5645161290322581,0.4835775965706343,0.22413615439709456,0.04166925958905812,0.09454394354068975,0.12228936734571955,0.06698399392516967,0.3333333333333333,2,0,0,0,1,0,7,7,Cluster_B
0.5645161290322581,0.4835775965706343,0.22413615439709456,0.04166925958905812,0.09454394354068975,0.12228936734571955,0.17187731629692,0.7777777777777778,2,0,0,0,1,0,7,7,Cluster_B
0.3548387096774194,0.3811118214482757,0.35381399201161623,0.2178686236291392,0.03068896906057211,0.36935666171354364,0.0,0.8888888888888888,2,0,1,0,0,0,3,8,Cluster_C
0.3548387096774194,0.3811118214482757,0.35381399201161623,0.2178686236291392,0.03068896906057211,0.36935666171354364,0.0,0.6666666666666666,2,0,1,0,0,0,3,8,Cluster_C
0.3548387096774194,0.3811118214482757,0.35381399201161623,0.2178686236291392,0.03068896906057211,0.36935666171354364,0.043026502103726924,0.1111111111111111,2,0,1,0,0,0,3,8,Cluster_C
0.3548387096774194,0.3811118214482757,0.35381399201161623,0.2178686236291392,0.03068896906057211,0.36935666171354364,0.12389862210297141,0.7777777777777778,2,0,1,0,0,0,3,8,Cluster_C
0.16129032258064516,0.5778709811443807,0.4933746054252406,0.012164769883436628,0.07125450000831317,0.16460463058486408,0.4797135072687444,0.7777777777777778,1,0,0,1,0,0,5,2,Cluster_A
0.43548387096774194,0.007293218292750908,0.8589115727035577,0.1970589812410991,0.0840207152994638,0.08703364598247049,,,2,0,1,0,0,0,0,0,Cluster_A
0.3870967741935484,0.46644213812489227,0.39647774019276566,0.6904062876336295,0.2889795113559553,0.062172027142836754,0.0388269753053247,1.0,0,0,0,1,0,0,1,6,Cluster_B
0.3870967741935484,0.46644213812489227,0.39647774019276566,0.6904062876336295,0.2889795113559553,0.062172027142836754,0.023270444105021628,0.7222222222222222,0,0,0,1,0,0,1,6,Cluster_B
0.22580645161290322,0.5668854873041662,0.5447575903277797,0.0,0.2161134619317226,0.04187096297733183,0.07824121571870485,0.2777777777777778,0,1,0,0,0,0,4,2,Cluster_A
0.22580645161290322,0.5668854873041662,0.5447575903277797,0.0,0.2161134619317226,0.04187096297733183,0.0668928074042679,0.9444444444444444,0,1,0,0,0,0,4,2,Cluster_A
0.22580645161290322,0.5668854873041662,0.5447575903277797,0.0,0.2161134619317226,0.04187096297733183,0.08866985286914021,0.8333333333333334,0,1,0,0,0,0,4,2,Cluster_A
0.3548387096774194,0.1447609323511553,0.4967154207854496,0.19653360356645574,0.2402220658385797,0.26595863371099787,0.09454978508167212,0.7777777777777778,2,0,0,0,0,1,6,10,Cluster_C
0.3548387096774194,0.1447609323511553,0.4967154207854496,0.19653360356645574,0.2402220658385797,0.26595863371099787,0.6046815882362037,0.6111111111111112,2,0,0,0,0,1,6,10,Cluster_C
0.27419354838709675,0.6368605651344502,0.7376786546896167,0.08686989788079454,0.0,0.09039451088056448,0.08338704599136539,0.6666666666666666,0,0,0,0,0,1,7,0,Cluster_A
0.27419354838709675,0.6368605651344502,0.7376786546896167,0.08686989788079454,0.0,0.09039451088056448,0.3375262355792887,0.9444444444444444,0,0,0,0,0,1,7,0,Cluster_A
0.3709677419354839,0.4857486028562121,1.0,0.3846961976952103,0.08460078655435342,0.13258115677765234,0.08435842226922455,0.3888888888888889,2,0,1,0,0,0,11,0,Cluster_A
0.3709677419354839,0.4857486028562121,1.0,0.3846961976952103,0.08460078655435342,0.13258115677765234,0.0,0.6666666666666666,2,0,1,0,0,0,11,0,Cluster_A
0.46774193548387094,0.34429595107252065,0.3938262454159359,0.005858158425926304,0.10444380799522246,0.12552116263194038,0.013333867844818064,0.7222222222222222,0,0,0,0,0,1,6,8,Cluster_C
0.46774193548387094,0.34429595107252065,0.3938262454159359,0.005858158425926304,0.10444380799522246,0.12552116263194038,0.032673884268901825,0.05555555555555555,0,0,0,0,0,1,6,8,Cluster_C
0.46774193548387094,0.34429595107252065,0.3938262454159359,0.005858158425926304,0.10444380799522246,0.12552116263194038,0.300262835444362,0.7222222222222222,0,0,0,0,0,1,6,8,Cluster_C
0.6612903225806451,0.540973230538808,0.4021121114963556,0.20959100890628007,0.0,0.15950729473814107,0.14431137871287575,0.8888888888888888,1,0,1,0,0,0,9,6,Cluster_B
0.6612903225806451,0.540973230538808,0.4021121114963556,0.20959100890628007,0.0,0.15950729473814107,0.260767049989906,0.16666666666666666,1,0,1,0,0,0,9,6,Cluster_B
0.11290322580645161,0.8483381445934192,0.7088321754138144,0.3422491437788232,0.044835648718741836,0.37213785097180196,,,1,0,1,0,0,0,7,1,Cluster_A
0.7580645161290323,0.45635591083213894,0.6363782979252623,0.564158424975229,0.23379743268956055,0.7327187616173403,0.1024389544199194,0.6111111111111112,2,0,1,0,0,0,0,9,Cluster_C
0.0,0.4688077433326065,0.8693414651472068,0.2033730141347494,0.01912866770959038,0.09687250141025402,0.13138131342408324,0.6111111111111112,2,0,0,0,0,1,4,0,Cluster_A
0.3225806451612903,0.3360253615765963,0.6167856370651927,0.10776123019549096,0.12285782881533935,0.32587166897584197,0.24365951350671555,0.5,2,0,1,0,0,0,2,11,Cluster_C
0.46774193548387094,0.26274853592401737,0.4281415818425881,0.16453824597605687,0.03502716582294309,0.2680975867582189,0.04570649454072584,0.0,0,0,0,0,0,1,6,9,Cluster_C
0.4032258064516129,0.5780455460097237,0.6181309661384617,0.38589646400715405,0.0,0.1578681637260356,,,2,0,1,0,0,0,0,4,Cluster_B
0.22580645161290322,0.2615776603371258,0.7217407161165815,0.14042532939358737,0.04067356902518983,0.579600005873063,0.005980073563058183,0.8333333333333334,1,0,0,0,1,0,2,10,Cluster_C
0.22580645161290322,0.2615776603371258,0.7217407161165815,0.14042532939358737,0.04067356902518983,0.579600005873063,0.2049144080001778,0.1111111111111111,1,0,0,0,1,0,2,10,Cluster_C
0.22580645161290322,0.2615776603371258,0.7217407161165815,0.14042532939358737,0.04067356902518983,0.579600005873063,0.05111803843229054,0.3888888888888889,1,0,0,0,1,0,2,10,Cluster_C
0.22580645161290322,0.2615776603371258,0.7217407161165815,0.14042532939358737,0.04067356902518983,0.579600005873063,0.6698150603591829,0.3888888888888889,1,0,0,0,1,0,2,10,Cluster_C
0.22580645161290322,0.2615776603371258,0.7217407161165815,0.14042532939358737,0.04067356902518983,0.579600005873063,0.0,0.7777777777777778,1,0,0,0,1,0,2,10,Cluster_C
0.3064516129032258,0.43565737734944376,0.6640964362394729,0.0,0.6186237468954544,0.04123186209470742,,,0,0,1,0,0,0,9,11,Cluster_C
0.25806451612903225,0.33259189254575555,0.6014548062214595,0.5185321739239668,0.2654446633455107,0.02118305128805931,0.3279607953438279,0.6111111111111112,2,0,0,1,0,0,1,4,Cluster_B
0.25806451612903225,0.33259189254575555,0.6014548062214595,0.5185321739239668,0.2654446633455107,0.02118305128805931,0.4235515112537416,0.3888888888888889,2,0,0,1,0,0,1,4,Cluster_B
0.22580645161290322,0.512111252594798,0.7133349379178306,0.20751535227816903,0.5321252877415474,0.3567570644410671,0.027158687154920324,0.8333333333333334,0,0,1,0,0,0,7,11,Cluster_C
0.5161290322580645,0.4848414138269894,0.7338591180891345,0.19902018149230807,0.10656071912477677,0.10703427792596086,0.22729651454056857,0.16666666666666666,0,1,0,0,0,0,10,3,Cluster_A
0.5161290322580645,0.4848414138269894,0.7338591180891345,0.19902018149230807,0.10656071912477677,0.10703427792596086,0.12591240371013585,0.1111111111111111,0,1,0,0,0,0,10,3,Cluster_A
0.41935483870967744,0.6169287815635921,0.7764317982075055,0.015779034072694608,0.01389454539584232,0.3480763690797514,0.29057621186403926,0.8888888888888888,2,0,1,0,0,0,8,0,Cluster_A
0.41935483870967744,0.6169287815635921,0.7764317982075055,0.015779034072694608,0.01389454539584232,0.3480763690797514,0.014156728648432461,0.4444444444444444,2,0,1,0,0,0,8,0,Cluster_A
0.20967741935483872,0.32651951951795444,0.6297419775179286,0.18804213662098387,0.12748326430195997,0.41463810073889346,,,0,0,0,1,0,0,2,11,Cluster_C
0.5161290322580645,0.37158366566668194,0.46657638393662915,0.06910032377155699,0.09594876498663607,0.011678396360996322,,,1,0,0,1,0,0,10,5,Cluster_B
0.4032258064516129,0.2385559613569598,0.5293427372866645,0.18345195910770407,0.3061772436982921,0.39863900959794096,0.03887006102627453,0.5555555555555556,1,0,0,0,0,1,6,10,Cluster_C
0.4032258064516129,0.2385559613569598,0.5293427372866645,0.18345195910770407,0.3061772436982921,0.39863900959794096,0.21744692912715288,0.4444444444444444,1,0,0,0,0,1,6,10,Cluster_C
0.5,0.33885290454588635,0.7413017933016713,0.0,0.011714913310607346,0.11009347472252887,0.04185061032179215,0.9444444444444444,0,0,0,0,1,0,11,4,Cluster_B
0.46774193548387094,0.49303044813390506,0.3366128658025528,0.187412203820522,0.10668744172567256,0.13226132484498698,,,2,0,1,0,0,0,8,6,Cluster_B
